,資料類別,編號,content,Unit,修正後區域標記,修正後情緒標記,subject1,subject2,subject3,subject4,subject5,reCheckedEmotion,reCheckedsubject,freq
1463,2020市總,5149,蘇議員炎城請問經發局，有關本洲工業區開發土地變更為商業區的問題，本案經市長考量為了保障當地市民的土地正義，並兼顧未來地區的發展，同意停止開發。本洲工業區的土地面積廣大，本洲工業區北側擴大區域在102年6月3日經過環保署環評駁回申請許可，經濟部工業局在102年7月16日正式駁回本案，劃紅線的部分就是它的範圍。,['高雄市政府經濟發展局'],0,3,19, , , , ,1,19,135
240,2021市總,860,李四川副市長，剛剛講到很多的建設都是欲言又止，我們的路平專案的確有改善，你是政績裡面的功臣，是不是補充一下，拆平交道跟恢復的狀況，以後會造成塞車的狀況，像剛剛質詢的內容，或是其他的，有哪一部分你有什麼不同的看法？你可以跟本席反映。現在是民主社會都是公平、公正、公開，官員有沒有做事我們都看在眼裡，有做事的都會肯定、也會支持。沒有做事的、打混的，你也許可以混過我的眼睛，但不見得混得過別人的眼睛。副市長，以你的專業回答一下。主席（陸副議長淑美）：請李副市長答復。李副市長四川：剛才黃文益議員一直在談大順陸橋的部分，我要跟陳議員報告，今年到目前為止我們已經拆了5座陸橋，剛才他一直不讓我答復。我是要告訴他，他講的義勇路所做的鋪路，在他質詢的時候說我們做不好，我是要養工處告訴他，做不好的是中華電信，要求中華電信必須要去改善。但是他在第二次的質詢，我才會說：「已經告訴你，這個不是我們做的，我們會改善。」但是他還是繼續質詢。第二個，有關大順陸橋的部分，其實原來的規劃是在去年前朝就已經發包了，後來工務局跟我簡報的時候，就跟他指示切割式的拆橋時間會拉很長，我們就用敲除的方式，敲除的部分我們節省了一千多萬的經費。我到現場去的時候，整體的排水系統只做了一半，排水系統又受管線的影響，所以那時候我們才去做變更設計，把所有的管線單位，包括排水整個把它做好。當然施工一定有順序，因為要讓交通能夠順利進行，所以中間做完了以後才能做旁邊的側溝，所以留了10公分的高低差。否則如果像黃議員談的要一次把它做好，也許做側溝的時候會比中間還高，水就沒有辦法排下去，所以我一直跟他釐清，但是他一直聽不懂這個狀況。但是我也要跟陳議員報告，這個工程這樣的變更，我們把整體的排水系統做變更，還省了700多萬的預算，包括所有其餘的在地議員都認為大順陸橋在新工處的施工下做得相當好。當然議員有質詢的權責我們都尊重，對於路平的部分，我們所有的施工團隊還是會繼續努力。但是我也期望所有的議員能對我們的施工團隊，如果有做好的部分，誠如剛才陳議員講的，做好的就應該給他鼓勵；做不好的，在這裡該被罵的我都接受。謝謝。陳議員明澤：有些事情，議員質詢都是因為民眾反映出來的，有些你們是專業，在質詢上都會有溝通的問題，如果做不好的當然要提出來，讓大家改善，有些事情就是這樣。我舉個例子，議員質詢都是替百姓在把關，你可以接受也可以去溝通，我相信這樣的情況對市府是最好的，我們有監督之責，你們做不好的，如果有講錯了，罵錯了，大家也都是為了市政的推動。這個也請工務局，就是權責單位要去溝通好，有時候因為我們不是專業，所以會有誤會，這是很正常的。,"['高雄市政府工務局', '高雄市政府工務局新建工程處', '高雄市政府工務局養護工程處']",0,2,0,2, , , ,0,0,333
876,2020新聞,3790,東海食品行無良販售過期食品，檢警搜索驚見活蟲在義大利麵條包裝內蠕動，東海王耀榮父子應訊竟無恥說：「有蟲也不會怎麼樣，我們家也在吃。」兩人被收押後檢方已著手清查犯罪所得及王家資產，準備凍結扣押。而本案檢舉人按高雄市食安獎勵辦法，未來視業者受罰金額，最高可分得兩億四千萬元獎金。檢舉人最多可獲2.4億專案小組前天搜索東海發現，業者怕改貼有效期限標籤被發現，把印標籤的印表機藏在辦公桌後方櫃子裡，且用布簾遮住，衛生官員則查扣許多生鏽罐頭，過期品包括德國豬肝醬過期七年，還有康寶白汁粉、金蘭烤肉醬、含蟲義大利麵等，業者堅稱有蟲不會怎麼樣，「麵冰在冰箱，蟲就會死光，（麵）再煮沸就可以吃。」而本案奸商東海、見豐，皆將面臨《食安法》六萬元至兩億元罰款，另依高雄市檢舉食安獎勵辦法，檢舉人可分罰款六成當獎金，介於七萬二千至二億四千萬元。檢舉人昨透過高市議員連立堅表示，很高興能幫政府捉黑心業者，至於獎金則是「意外驚喜」，但也擔心身分曝光會遭報復。,[],0,3,22, , , , ,1,22,108
2081,2020部門,6633,所以我想，問到這樣以後，我覺得也是很傷心的一個問題，人很聰明，法規訂的很好，但是在執行的不管是官員教民眾，因為民眾可能不懂，為什麼農舍會那麼的…，你說的一個頭兩個大，農舍，其實那個就牽涉到農業不可分離的東西，農業不可分離啦！局長你可知道？若以我的狀況，我也可以用農業不可分離這個觀念。主席，其實都是用農業不可分離，很多可以避稅，很多可以興建。我也知道農地若1甲可蓋1分半，蓋一分都沒有關係，要蓋怎麼樣，那個不是豪宅，我們只有好不好的「好」，最重要的是你有沒有真的在從事農業，根本都是假的，有些人就是在走模糊地帶，走法律邊緣，走「雲端」的，根本也沒什麼，他也是硬拗，叫官員做什麼的，這個人家一查下去，尤其是候選人又被人家說話，就很「糟糕」，想要講也不是，不講也不是，塞在那裡，所以我想如果做所有的，就像昨天蕭議員永達講的，如果要參選的，尤其是公眾人物的就要維持自己好的形象，你就知道他說那個故事給你聽，他太太就說過，你服務處要怎麼樣就怎麼樣，那都有一定的標準，不然人家民眾管你形象好還是不好，都不管了，不用管。但是你自己是公眾人物就要好好的自我督管，不然你就很「糟糕」了。我現在講的，我沒有什麼政黨色彩，也沒有什麼意識形態，我講的是泛指我們同事、好朋友蕭議員永達就講到這些，自己本身就要潔身自愛，尤其是當公眾人物領導人的，更應該要以最高的標準來督促要求管理自己，不然有時候會被嚴格的檢視，那時候哀哀叫都沒有用了。,[],0,3,20, , , , ,1,20,99
2879,2020部門,10075,何議員權峰：首先要來談鐵路地下化，我想大家都很清楚，將近一千億對高雄市影響非常重大的工程－鐵路地下化即將在下個月完工，火車即將下地。我們跟吳益政議員前一陣子都有到實際的鐵路地下化工程去看，其實已經陸陸續續接近完工。我等一下要先請教交通局，我們都知道鐵路地下化第一階段完成之後，不僅是鐵路下地，還增設了7個通勤化的車站，我們姑且可以把鐵路當成捷運化，它有通這些車站，我們也看到公布的時刻調整重點，你看第四個就告訴我們左營站29班高鐵直達車皆可於15分鐘與台鐵相互轉乘，就表示可以在15分鐘內透過台鐵鐵路化的車站到那邊去搭乘，譬如從左營到內惟、美術館、鼓山，到達高雄車站來轉乘紅橘兩線捷運的部分。我想請教一下交通局，對於你們掌握整個大眾運輸行走的路線，你們有沒有跟台鐵溝通過，他們目前這樣的規劃是不是符合高雄對大眾運輸捷運路網的需求，未來有可能透過市民朋友的反應，透過高雄市政府也可能適度的來調整班次的時間，因為畢竟捷運化，另外還有一個很重要的功能就是高雄到台北火車的部分，交通局有沒有掌握整個大眾運輸路網相關的部分？請局長說明一下。交通局黃代理局長萬發：謝謝主席、謝謝議員。有關這7個通勤車站，因為是鐵路地下化順便規劃出來的，當初在規劃的時候，除了原有的站，譬如鼓山站原有站的設施之外，還考慮到適當的距離、社區部落的聚集點來設立這些捷運通勤站，設立之後，未來就是要考慮轉乘的問題。之前計畫的審查，我們都已經依照相關的轉乘計畫去審查以外，我們最近也頻頻到這些附近的站去找相關的轉乘停車場，公車的轉乘系統，我們也都到附近去勘查、布設，目前大概做的是公車比較多，至於有關於鐵路和鐵路的軌道轉乘，這部分的優惠我們目前還在談，還沒有一個確切的結果。何議員權峰：最主要我要問的是你們知道他們規劃的10到15分鐘，尖峰時刻班距是10分鐘、離峰是15分鐘，這是台鐵自己規劃，還是有跟交通局針對整個大眾運輸未來路網的連接去做一些探討和討論，譬如坐到高雄車站就可以轉乘紅橘兩線，這個時間上有沒有跟你們討論可以搭配得起來呢？請局長答復。交通局黃代理局長萬發：向議員報告，他們在改點的時候是沒有跟我們討論，所以他們時間規劃出來的話，我們公車比較好調整配合轉乘，將來如果在軌道或其他的部分，因為大眾運輸的班次很密，可能這部分如果來做轉乘比較容易。何議員權峰：我覺得這部分交通局要去掌握和規劃，不僅是台鐵捷運化這條路線，其實跟大眾運輸有關的，譬如輕軌的連結，甚至紅橘兩線的連結，以及還在爭取的未來捷運黃線，整個大眾運輸系統相關的連結度，交通局針對這個要有更大的掌握度，局長，先請坐。,"['高雄市立美術館', '高雄市政府交通局']",0,3,5,5,5, , ,1,5,334
1601,2020市總,5449,左營大路紅磚人行道柏油刨除工程，前年底鋪得很好，市長，左營大路紅磚人行道改善重鋪，你覺得如何？請市長回應一下。主席（康議長裕成）：市長，請回答。陳市長菊：這個請養工處回答。主席（康議長裕成）：處長，請回答。養護工程處趙處長建喬：左營大路的紅磚步道我已經跟議員討論很多次，現在路面都沒問題了，只是人行步道的部分，因為牽涉到左營大路纜線的問題、用戶接管問題、號誌路燈的整合，這些工程都需要挖路，如果要做就一次做，不要東做一點、西做一點。另外還有一個問題，議員應該也要思考一下，現在都是1米8，如果要整治改造人行步道或要拓寬，商家會怎麼想？周議員鍾?：處長，我是請你重新鋪設，我知道你的用意。養護工程處趙處長建喬：如果要做就一次做好。另外，如果要做人行步道就要先打通騎樓地，議員也知道現在非常不好處理。周議員鍾?：處長，你說到那裡，我就一個頭兩個大，我感覺要把它單純化。養護工程處趙處長建喬：我們還是要解決，如果要打通騎樓地，請議員出來說商家要如何處理。周議員鍾?：那個問題滿大的，我只是要改善紅磚人行道，處長，我只是想跟你溝通一下。右昌大排溝壩堤凹陷改善工程，請水利局好好執行，因為有答覆了，我就不再重述。樂群路、軍校路、和光街109巷一帶RCP涵管改為場鑄式的排水箱涵。請水利局好好處理，再爭取中央的專案補助，用一些腦筋應該可以爭取到中央的專案補助款。五常里興盛街47巷的工程也應該要早日趕快做，這是6米的，市長你看圖就知道。這現有的既成巷道都是彎曲的，因為巷道這裡都是住家，裡面47巷出來竟然是往左，也就是往右歪掉，直接就是這些現在做為停車場的空間。真正的計畫道路是在這邊，既成巷道在這邊，結果水利局的污水幹管是做在這裡，被人家抗議之後移開。所以地主生氣了，寫上「私人土地，近期封閉，請改道通行。」市長，用人家的土地，這裡是住宅區還讓你們施作污水下水道！市長，這裡要趕快截彎取直，工程款也不多，只需要一千多萬元。,"['高雄市政府工務局養護工程處', '高雄市政府水利局']",0,3,0,2, , , ,1,0,333
1796,2020市總,5876,我們燕巢大學城特定區，有5間大學在我們燕巢，大學城因為大埔阿嬤的問題，針對土地要保留農地要使用調查而延遲，請問地政局長，這個地區調查的進度如何？主席（蔡副議長昌達）：請局長答復。地政局黃局長進雄：目前這個重劃區的都市計畫的部分，已經送到內政部都市計畫專案小組審議過了，準備要送大會，但是送大會之前，內政部給我們訊息，第一個，要公益性、必要性，要去土徵小組做報告，另外要經過原土地管理機關也就是農業局的同意，和我們比較有關的是土地公益性、必要性，我們今年1月30日把公益性、必要性評估報告書送到內政部時，內政部回函給我們他有兩個因素要我們考慮，第一個，農業專區的部分要落實到都市計畫來。第二個，裡面有一些農業特定區要經過行政院專案核准，列重大計畫。和都市計畫比較有關的是農業專區的劃定，我們內部和都發局也有研討，但是我們的想法是，如果這些務農的朋友、地主們都不願意務農的話，就變更都市計畫，就沒有變更都市計畫的問題，所以我們調查的結果有32位，還有3.24公頃的土地所有權人要繼續務農，不過近期內我們仍然找他們開會，再和他們溝通看看，必要時再麻煩翁議員來協助溝通，如果這全部都不用務農的話，都市計畫就可以往上送，剩下就專案送行政院核定專案計畫這部分而已。主席（蔡副議長昌達）：請市長回答。陳市長菊：我答復剛剛翁議員特別提起安東橋被樹枝、竹葉阻塞的問題，因為翁議員特別提到兩邊都是住家，我再和翁議員約時間，我和水利局或是工務局去看，如果這是必要的，我們就一起來做，這樣好嗎？我再跟翁議員約時間。翁議員瑞珠：大學城這裡，如果要去和這些要保留農地的百姓開會時，讓我知道，我會過去，因為農地如果保留著，就是限定住了，以後就永遠無法變建地，所以我會幫忙說服，我希望他們變建地，以後要耕農一樣可以做，我希望如果要開會也讓我知道。目前我們燕巢1號道路周邊的區段徵收，為了1號道路周邊的區段徵收時，市長有答應百姓，是不是讓我們租1號道路？以後這地方趕快開發起來，我想了解目前進度如何？,"['高雄市政府工務局', '高雄市政府地政局', '高雄市政府農業局', '高雄市政府都市發展局', '高雄市政府水利局']",0,3,17, , , , ,1,17,188
2057,2020部門,6528,另外，我要請教吳局長，你的業務報告「路平專案」要整合控管的問題，我們鳳山地區像水利局、電信局、自來水公司，路面是挖來挖去，一下子這個單位，一下子又那個單位。你的業務報告有寫到推動道路齊平，建立良好管控系統。現在進行得如何，是否有落實？主席（陳議員麗珍）：吳局長，請答覆。工務局吳局長宏謀：我們有一個路平專案小組，將來…。陳議員粹鑾：因為我看你寫了十幾點，寫了一長串。工務局吳局長宏謀：這將來我們所有的管線單位，包括府內外挖掘道路的施工單位，全部納管。我們這裡每個月都有協調會報，這些管線單位要施工，要先協調，以能同步施工為原則。要施工的時候要申請開挖，這部分我們中間會抽查、會監督。陳議員粹鑾：對啦！吳局長。我看你業務報告寫了十幾條，寫得很好，我希望能實際落實，我是不知道其他地區怎麼樣，我們鳳山地區被水利局挖得亂七八糟，管線、寬頻、電力公司、自來水，每天都不平靜。希望你寫這個路平…。工務局吳局長宏謀：好，這我們一定會嚴格落實進行，因為這個有涉及到公共安全，雖然我們的面積很大…，〔…。〕好。,"['高雄市政府工務局', '高雄市政府水利局', '自來水公司']",0,2,0,2, , , ,0,0,333
560,2021市總,1968,我知道市長上任以來，腦子裡排第一位的永遠是招商，頭腦排第一位的永遠是橋頭科學園區，頭腦排第一位的永遠是產業的進駐。我在之前的總質詢也借用何權峰議員與邱俊憲議員的時間來談橋頭科學園區的事情，也做了包含這個二階環評，也做了包含這個區徵計畫，期間廠商要進駐設廠這個問題的這些模擬。我希望局處跟市長報告的時候，要報告自己做得到的事情，至於有壓力的事情要找市長來解決，市長會想辦法幫你解決，而不是憋到最後才跟市長說沒有辦法解決。我們雖然是執政黨的議員，我們也是要用很嚴格的態度跟對事情的想法，來對執政團隊做出一些建議。橋頭科學園區這幾個議題，我們也是有點擔心未來廠商進駐可能會客滿，那到底高雄市政府對於廠商進駐要挑什麼樣的廠商？要挑什麼樣的產業？高雄市政府能不能照我們原本的想像來做？這是我們很擔心的，但是我這邊先提出來，橋頭科學園區未來進駐之後，我自己想像好了，有台積電進來了，台積電的員工需要什麼？台積電的員工需要好的住宅，台積電員工需要有學區的住宅，台積電電子廠的員工他需要有公托、有幼兒園、有小學、有學區，他不用載那麼遠的這些住宅，那橋頭現在有沒有能力？可能沒有，所以我想的，我一直在引流就是把這個人才引到左營、引到楠梓，這個是我們認為橋頭科學園區未來進駐之後，左營、楠梓會大爆發的原因。,[],0,2,19, , , , ,0,19,135
2135,2020部門,6868,剛剛談到拖吊的問題，我真的覺得這部分已經推了很多年，每一年都有很大的阻力，我很開心，很謝謝包括一些議員也覺得，這件事應該提早做，我想這部分如果可以，我們再把以前說服議員們的資料重新整理一次，或許來說服把它變成共識。當然剛剛提的配套措施要做，公共運輸的提供、停車場的提供要做，是不是可以更積極面從交通改善來正視拖吊問題。因為5％被拖吊，95％可能會贊成，被拖吊的5％可能很不開心，可是95％認為市容交通整頓，他可能更開心。所以我覺得從這邊來看這個課題，我們願意再把這個提出來，如果可以，我們再進行下一步，這在過去二、三年的計畫一進議會就被砍掉了，那個已經被砍了幾年。〔…。〕你說悠遊卡或是ETC卡，用在高雄，今年已經申請，它是從99、100、101，99是北部、100是中部、101今年是南部。它是一步一步通過來，所以我們今年建，在年底應該會，包括我們的公車、捷運都做完了以後，台北一卡通或是你把ETC的卡片帶過來都可以使用。這個部分是交通部在99～103年計畫，所以我們是屬在101，高屏是101年的計畫，現在都在申請中，包括我們的輪船、公車在換，〔…。〕對、對。〔…。〕現在我們公共運輸這個部分已送出去，現在還沒核定，這是交通部的政策，應該會往這邊走。〔…。〕是，好。〔…。〕我是不是請我們主任趕快去看一下。,[],0,3,5, , , , ,1,5,334
2616,2020部門,8849,劉議員馨正：我看到你們的業務報告並沒有涉及到任何旗美地區，好像旗美地區不需要做任何的都市發展規劃，我覺得在施政過程裡面，旗美地區一直被排除在外，好像不存在一樣。我在這裡有幾項想請教一下，不曉得在座的各位委員有沒有人沒去過美濃的？沒有去過的請舉手，好，都去過。你們有沒有看到美濃區公所外面全部都是鐵皮屋，這樣的地方不需要規劃和發展嗎？據我所知，到現在為止，美濃所有都市計畫的細部計畫都已經取消，好像只剩下一個。前不久有一位順過來到我們都發局想要申請重劃，結果也被打回票，現在他的土地也閒置在裡面，因為沒有做重劃，也沒有辦法利用，美濃就這樣被擺爛在那邊嗎？不需要做規劃，我覺得非常的奇怪，這樣的問題是不是請局長答復一下？主席（李議員順進）：請都委會李委員答復。都市計畫委員會李委員怡德：業務報告和議會報告裡面沒有出現美濃地區，並不代表大家沒有在關心旗美地區，而是說從上個會期到現在，我們審議了哪些案子？劉議員馨正：那麼你講一下，為什麼到現在為止，美濃的都市計畫整個被取消？那個都市細部計畫拿過來要申請重劃，但是你們說已經取消了，為什麼會退回來？都市計畫委員會李委員怡德：被退回來，我不知道議員指的是什麼？劉議員馨正：公9。都市計畫委員會李委員怡德：向議員報告，美濃在去年5月份的時候，它有辦第二次通盤檢討的第二階段，其中有17處的公共設施用地，後來我們大概有請地政局針對整體開發區重劃的可行性來進行評估，在這評估裡會有看哪些從整體開發重劃是可行的、哪些是不可行的？結果有8處的整體開發區受到限制，因重劃不可行而把它解除，其他就是…。劉議員馨正：只剩下一個地方嘛！〔是。〕是不是美濃不需要再做重劃？通盤檢討整個取消了，要到什麼時候才可以開始？我覺得這個部分要好好重新去思考一下，不然的話就擺爛在那邊，要發展也沒有辦法發展？人家也主動提出來了。都市計畫委員會李委員怡德：這個向議員報告，就是有些都市計畫的原意是希望要透過整體開發去…。劉議員馨正：對啊！它要整體開發啊！他也提出來了。都市計畫委員會李委員怡德：並沒有提出來，提出來就是重劃不可行，放在那邊也都一直沒有開發，也有些當地人陳情說，…。劉議員馨正：我是希望大家認真去思考，他現在也提出公9，前不久他來告訴我，如果你不重劃，裡面整塊的土地都不能利用，美濃就擺爛在那邊，我覺得應該要重新思考一下。剛剛局長講那8個都取消掉了，只剩下1個，希望大家好好去重新思考一下。,"['高雄市美濃區公所', '高雄市都市計畫委員會', '高雄市政府地政局', '高雄市政府都市發展局']",0,2,17, , , , ,0,17,188
1042,2020市總,4253,再來一個是我們美術館地區，這些都是社區的大事情，這些大事情，那麼美術館地區要增設國小，那當然這個美術館社區，叫龍水里，這個里從我第一次選舉的二、三千人；到第二次選舉，已經1萬人左右，那聽說最近已經將近2萬人了，所以它的人口膨脹的速度，非常非常得快。請教教育局局長，我想這個現在好像不增設新校了，主要是希望用遷校的方式，是不是準備用遷校的方式在做處理？教育局蔡局長清華：跟連議員報告，原先是有三個案子，那大致上的話，是不是各遷一個學校，或者是遷兩個學校來合併成一個新的學校。連議員立堅：其實我對遷那個學校，或者要用遷校，或是設新校，我們其實沒有意見，我是開放的，〔是。〕你要遷哪一間，我也沒有意見，只要你的過程是公開的，讓大家都有參與，這就OK。那我現在最重視的一個問題是什麼？真的有需要，所以我要請教一個關鍵的問題，就是剛剛那個問題，明年是不是會開始編列預算去做，會不會完成這種包括你遷校的評估，或者是新設學校的評估之後，開始編列預算，有沒有這樣的規劃。教育局蔡局長清華：我想連議員也了解，我們最近剛剛進行由中山國小；還有九如國小就他的家長，還有社區民眾做調查。連議員立堅：你直接回答，這個待會還會問你。教育局蔡局長清華：我們明年度會用我們局裡面的剩餘款，我們來進行規劃的這樣子的一個動工。連議員立堅：會開始進行規劃了，〔是。〕我希望它重點只有這一個，就是人那麼多了，〔是。〕結果把它幾鄰拆到九如國小、幾鄰拆到鼓岩國小、一些拆到中山國小、一些拆到龍華國小，現在是這樣處理，〔是。〕但是這個很明顯的，對於這樣子的一個最好的社區，我覺得這不是一個合理的做法。再來是九如國小和中山國小，昨天下午我也跟你要到資料，現在你看看，九如國小有59.6％的人贊成，沒有意見的是19.9％；中山國小55.2％贊成，沒有意見的23％，加在一起，兩個剛好差不多，78％對79％，如果像這樣你到底要選哪一個？局長，你說說看，兩邊的家長都在問我。教育局蔡局長清華：因為兩所學校贊成的比例都接近，現在局裡面針對這兩所學校的學區，包括美術館特區的這些居民，我們會來進行調查。連議員立堅：沒關係，將來的名稱是不是遷校的同一個名稱？教育局蔡局長清華：名稱由學區家長來進行討論應該會比較周延一點。連議員立堅：這個我再來質詢，主要是讓所有美術館特區的民眾知道市政府在這個部分的態度。,"['高雄市政府教育局', '高雄市立鼓岩國民小學', '高雄市立中山國民小學', '高雄市立龍華國民小學', '高雄市立九如國民小學', '高雄市立美術館']",0,2,16, , , , ,1,16,129
2197,2020部門,7059,農業局長，你記得上次我跟你建議紅豆的事嗎？以我的瞭解， 昨天報紙報導農糧署已經要讓我們地方自己去處理，我不知道你現在這個時間是怎麼訂定？因為紅豆方面，如果沒有在 9 月中旬之後去栽種…，我們這裡是比照台南，是不是這樣？之前是比照台南嘛，現在是農糧署已經是由地方自己做決定了，農業局長。主席（林議員富寶）：蔡局長。農業局蔡局長復進：洪議員一向很重視紅豆的這個時間， 剛才洪議員所講的， 說報紙有沒有？洪議員秀錦：對。農業局蔡局長復進：因為農糧署還沒有核示下來，公文都還沒有下來。洪議員秀錦：什麼？農業局蔡局長復進：公文還沒下來，它是一個策略。洪議員秀錦：對，如果公文下來呢？ 農業局蔡局長復進：不是，我跟洪議員報告，讓我說明一下，好嗎？那是大家在開會。那麼根據洪議員所說的這個，我們內部已經有開過會，就是針對我們的紅豆， 我們有兩期的休耕。洪議員秀錦：對。農業局蔡局長復進：第一期就是 2 月 1 日到 5 月 31 日， 這是我們自己訂的。第二期是 6 月1 日到 9 月 30 日，所以到 9 月 30 日時候，我們剛好可以在 10 月初種紅豆。所以說如果現在發生一個問題，跟洪議員報告，最近才和農會、和農民朋友探討，如果和屏東萬丹也一樣、大寮也一樣、美濃也一樣，慘了！ 改天那個割豆機可能不夠，所以變成說我們和大寮現在在檢討，不夠的情況下，紅豆如果讓它太熟，就麻煩了，再買又划不來，所以大寮現在…。洪議員秀錦：局長，不過我瞭解我們那裡的農民，你們都希望紅豆最晚就是 9 月底。農業局蔡局長復進：對。洪議員秀錦：對啊，如果像你現在這樣講的話，那還不是一樣嗎？農業局蔡局長復進：不是，洪議員，我剛才不是跟你說，我們已經訂符合農民的要求在 9 月底，9 月 30 日。洪議員秀錦：對嘛！ 農業局蔡局長復進：現在訂的是這樣。洪議員秀錦：現在就是比照屏東那邊嘛！農業局蔡局長復進：屏東還要再早一點，不然我們的割豆機改天會再產生像今年割稻機一樣的情形。洪議員秀錦：是。農業局蔡局長復進：所以說也有符合洪議員你的意思，在 9 月 30 日。,['高雄市政府農業局'],0,3,20, , , , ,1,20,99
2568,2020部門,8673,主席（康議長裕成）：接著請曾議員麗燕、方議員信淵和總召曾議員俊傑，三位聯合質詢，時間45分鐘。曾議員俊傑：我的選區就是在鐵道沿岸邊的選民都很樂見鐵路地下化。鐵路地下化將於民國106年通車，對於沿岸未來的發展，我相信周邊的居民都給予非常大的期待。在這邊要針對市地重劃第71期，這個重劃區陳副市長應該比較清楚了解，等一下就請陳副市長來回答。要向市長報告的是，其實這些重劃區好不容易可以重劃，因為兩邊的居民長期受到火車經過產生的噪音及空氣污染的影響，好不容易現在已經鐵路地下化並重新進行景觀的改造。重劃當然會帶動地方經濟的發展，我要幫地主向市長陳情，經過都發局的規畫後，很多地主都不知道，雖然之前有公告，但是一般來講地主並不清楚，等到召開公聽會要拆除建築物時，他們才知道事態嚴重開始緊張，包括前火車站的博愛里，如果依照規畫重劃下去，可能有21戶的居民建築物會被拆除，這些房子大約只有二十幾坪而已，如果你拆掉7坪或8坪時，以後這要怎麼居住？我相信未來的徵收金可能也不夠補償。我希望未來這塊地方能夠有所伸縮，因為50米的廊道已經足夠，包括未來自由路要打通至復興路，在後火車站這裡就必須拆除一棟公寓，這棟公寓一共有9戶，透天厝總共有2間。未來打通至復興路後，還需要拓寬，並且也會拆除9戶的騎樓；達勇里這裡也必須拆除9戶，長明里這裡也需要拆除2戶。每位地主都擔心不已，辛苦賺錢所買的房子，卻要配合政府的拆除，我相信他們現在心裡都很惶恐。本來要一起到議會向市長陳情，我私底下已經先和陳副市長討論過了，因為時間有限，無法陳述太多。這幾天我再找時間帶民眾去向陳副市長說明清楚並尋求解決方法，希望陳副市長能夠幫民眾解決問題，因為問題很嚴重，他只有三個重點，如果能夠縮減3公尺，搞不好這些房子就不需要拆除了；如果道路不要拓那麼寬，可能那9戶的居民就不需要拆那麼多。這裡還有一間媽祖廟－朝安宮，這是博愛里居民的信仰中心，未來也可能面臨到拆除的運命，所以這個很重要。陳副市長我會再和你約時間，一同和這些地主做協調。,['高雄市政府都市發展局'],0,3,5,17, , , ,1,5,334
1577,2020市總,5403,再來我要講燕巢中安路公所前面與中民路的開闢，因為這一條路每一次在燕巢選鄉長的時候，每一個鄉長選舉都說要開闢那一條道路，結果好幾任鄉長到現在都沒有開闢，在我的選舉的時候我也沒有說到這件事情，只是我選舉之後百姓一直向我說這一件事情，所以這三、四年來我一直在追蹤這一件，因為我們最近有到地方了解民意說要開闢的問題，是不是大家有同意，我相信地主會比較反彈，希望這個問題我們來協助溝通，市政府能夠透過邱議瑩立委向中央討論生活圈的經費，我們要極積規劃這條道路開闢完成，因為燕巢中興路沿線幾乎要飽和了，因為上下班時間車輛很多，市長針對這件有什麼意見？是不是能開闢？這件已有初步的規劃。主席（蔡副議長昌達）：都發局，請答覆。都市發展局盧局長維屏：翁議員一直很關心，這條路算是外環道，可以避免市區的壅塞，這我們都了解，我就先納入這次燕巢的通盤討論，因為這條路有三分之二是都市計畫範圍內的農業區，我先納入通盤討論來處理，三分之一是在非都市計畫範圍內，這可能比較慢，都市計畫範圍內的先納入再說，同時用地取得補償費、開闢費應該超過兩億，所以工務局也會同步盡量跟中央爭取到預算，我們先這樣處理。翁議員瑞珠：這條的總經費要三億多，我希望透過邱議瑩立委將計畫規劃出來，我請邱議瑩立委跟中央到現場再會勘一次，請邱議瑩立委來爭取市政府配合款。,"['高雄市政府工務局', '高雄市政府都市發展局']",0,3,0, , , , ,1,0,333
2848,2020部門,9928,都市計畫委員會王委員啟川：有關剛才所提到的，第一個就是興仁棒球場的那個部分，它原來是學校用地，一開始就學校用地，所以沒有公園綠地，原來就是學校用地。〔…。〕對。〔…。〕沒有，它原來是用地。〔…。〕對，這個案子因為配合，〔…。〕對，就剛才有提到的，就是因為整個在經貿園區裡面，也在整個輕軌沿線，配合輕軌整個財務上跟整體發展的需要，所以它有變更為商業區，裡面也保留部分的停車場用地。〔…。〕因為當初考慮到整個周邊的開發，還有輕軌上的需要，所以它變更部分為商業區，部分為…，〔…。〕兒童公園就沒有在當初變更的部分，經過通盤考慮之後是這樣的考慮，所以…，〔…。〕基本上當然是有考慮到，第一個就是有10％的公共設施用地優先，他是考慮先做停車場，先劃設停車場。〔…。〕對。〔…。〕第二個，當然是整個整體開發上的需要；第三個就是我們當初有要求他將來在建築這個部分應該要有適當的退縮設計，所以上次在公聽會的時候有邀請捷運局將來在設計上，也把設計和公共空間做適當考慮，上次在公聽會裡面，陳議員有請捷運局做這樣的考慮，捷運局將來在整體規劃設計時，是不是也把這個部分納入整個設計去做處理。,['高雄市政府捷運工程局'],0,3,17, , , , ,1,17,188
2164,2020部門,6950,另外這個要拜託民政局和社會局配合一下，日前我問過地政局，現在所有的地價都要變動了，我問他土地徵收是何時，他說大約要到民國300年才能徵收完畢。有那些土地的人是沒辦法申請低收入戶的，你聽得懂嗎？另外，最重要的是現在所有的地價都要重新調整，調整之後，只要超過500萬的就不能領了，你知道嗎？請民政局長回答。主席（鄭議員光峰）：曾局長，請回答。民政局曾局長姿雯：謝謝鄭議員…。鄭議員新助：這個你們里幹事都在調查，財產都超過了，現在又要重新編訂地價了。民政局曾局長姿雯：它確實是區公所第一線的業務，就是對社會補助、社會福利的部分，所以這個部分，我們會和社會局做個配合，看要怎樣去協助。鄭議員新助：現在還有一些尚未徵收的，我日前問他時，說差不多在民國300年才有辦法徵收完畢，就是現在的高雄縣市，有那些土地的人就沒辦法申請低收入戶。不但是這樣子，現在還說要把地價調整和市價一樣，中央已經發布了，你知道嗎？這樣一來，只要超過500萬的，高雄市那些低收入戶屆時將會刪掉一半，你對這個問題有清楚嗎？民政局曾局長姿雯：這個問題我知道，但是實際個案的部分，區公所的第一線會協助他，至於會徵收的部分，因為他有個期程，但是，他如果因為這樣子而讓他的權益有受損，我們再來協助他，我和社會局這邊來商討。鄭議員新助：拜託法制局能就這個幫忙來解套，看看你能不能活到300歲，我是很快就死了，那個怎麼可能再等二百年後，來領那筆3，000元的呢…。民政局曾局長姿雯：好。主席（鄭議員光峰）：謝謝鄭新助議員，那個委屈是不是我們秘書處的黃處長把資料查清楚，黃處長，你把資料弄清楚再回覆給他。,"['高雄市政府民政局', '高雄市政府社會局', '高雄市政府地政局', '高雄市政府法制局']",0,3,17,4, , , ,1,17,188
1990,2020市總,6278,將城市美學融入我們的地下道，岡山地下道的情況在這幾天，許多臉書的群組上面，都讓大家來做討論，我想不分黨派的議員也都在上面表示關心，我想這區的議員，應該總質詢都會跟大家討論到這個問題。之前在上個禮拜，我跟高閔琳議員也有提到，我想在這裡，我也不吝這個機會，再跟我們的工務團隊來做個就教。這是我們岡山火車站，行人地下道，岡山有三座，這種地下道會讓人害怕，為什麼？不夠明亮不夠乾淨，看看新竹的行人地下道，新竹做的到，我相信高雄市也做的到。他們甚至被一些新人用來做婚攝的場所，這是台南的行人地下道，這都是一樣，我想這個東西都是工務團隊要不要去做？有沒有心去做。工務局長，有沒有辦法做到這個程度，岡山來做個示範，這三個地下道，我們在近期內可不可以做一個讓市民朋友耳目一新的觀感，讓我們的地下道小朋友都敢通過。局長做個說明。主席（蔡副議長昌達）：局長請答復。工務局蔡局長長展：謝謝陳議員，我們目前已經針對這三個地下道，現有的一些像燈光等等，一些現況損壞的設備有做了修護，議員剛提到的一個方向，我們同事也在相關的質詢過後，就是前面幾次議員相關質詢過後，我們有進行檢討。未來當然我們會視財源把整個地下道的環境，做一個最基本上的一些友善環境的改善，會朝這個方向來努力。陳議員政聞：局長，你這回答我可以接受，但還是很官方啦！，你們所謂的增加亮度，黃的讓它更黃，我剛剛說城市美學，不是只有讓它與舊的換新的，那種東西就是會讓人害怕，就黃昏的感覺，昏暗的感覺，你看也是這樣啊！有啊！變比較亮，是黃的讓它更黃亮，你看跟別人比起來，我講的就是乾淨、明亮，好不好？工務局蔡局長長展：我們這個部分會整體來做的設計。陳議員政聞：什麼時候可以來做好。工務局蔡局長長展：我們先基本上的一些規劃，有一個成果，是不是我們先開個類似規劃說明會，聽一下地方上的一些意見，有些企業他基本上也是蠻願意認養一些地下道的一些相關的美化，所以這個部分，我們也會朝這方面去類似募款。陳議員政聞：好，局長，我希望你在近期內趕快把這說明會做起來，說明會的時間要讓本席知道，好，你請坐。,['高雄市政府工務局'],0,3,0, , , , ,1,0,333
20,2021市總,81,再來就是高雄左營站轉運專用區，這個就是高雄左營站，西側有一塊專用土地，要讓人家做BOT投資的，但是到現在都沒有標出去，它到底是什麼原因？本席不知道，它的營運是合約50年，採甄選式投資審查跟綜合審查，得標者須繳一筆權利金，這個部分是中央跟市政府合作的，對不對？交通局局長，這個是不是？主席（許議長崑源）：請交通局局長回答。交通局鄭局長永祥：謝謝陳議員對於左營轉運站的關心。這個就是在高鐵站靠近台鐵後面的那塊地，大概是1萬3，200平方米的土地。陳議員善慧：對，這塊…。交通局鄭局長永祥：這部分的確是交通部鐵道局在負責，因為這個是屬於轉運區專用地，是交通部鐵道局在負責民間的招商，在去年的10月31日，它已經公告第一次的民間招商，但是就如同議員所提到的，它在1月底結束的時候，目前還沒有廠商進來投標，應該是星期一的時候，我也有去拜訪鐵道局局長針對這個專用區，怎麼樣去提供一個比較好的招商條件，這部分已經在研議了。目前他們是希望能夠再把這個權利金，或者一些比較好的招商條件，提供出來以後，他們要做財務上的試算，希望在5月的時候能夠提出第二次的招商。陳議員善慧：好，這塊地很寬，也可以舒緩交通，現在你看雜草叢生，希望我們可以趕快把地招商出去。再來，楠梓百慕達三角洲，這個是交通的問題，我以前在部門質詢的時候有講過了，我稍微講一下，這整個地方，騎車也好、開車也好，不知道到底要騎去哪裡才好，我們很多位左楠的議員都在關心這一塊。市長、交通局這裡再幫忙注意一下。,['高雄市政府交通局'],0,3,5,19, , , ,1,5,334
2612,2020部門,8830,主席（曾議員麗燕）：李局長請答復。都市發展局李局長怡德：剛才議員提到的是寶珠溝附近有3塊農業區嗎？〔對。〕那應該是所謂的農26。〔對。〕之前並不是說沒有想法或沒有規劃，之前我確實是在八十幾年，88年還是89年那時候曾經有提出這樣的變更想法。〔好。〕後來因為地主之間有非常分歧、非常歧異的看法，所以後來的裁示就是先讓它先維持農業區。黃議員柏霖：那也是二十年前的事，現在105年了，對不對？都市發展局李局長怡德：88年，十幾年前。黃議員柏霖：所以現在時代已經在進步了，是不是你們沿著你們的躍進，把這個部分列入你們的工作計畫？都市發展局李局長怡德：不過這個農業區的部分，我之前已經有跟議員討論過、跟議員說明過，都市計畫區內的農業區以現在的範圍，各方的意見、看法不一樣，很多人認為是把它當成都市的擴充地區，有些人是認為說都市計畫區劃農業區有一定的功能，希望不只是在農業生產自給自足的概念之下或是…。黃議員柏霖：那個地方根本不可能做農業生產使用。都市發展局李局長怡德：我懂，我只是跟議員據實以報各方的看法。黃議員柏霖：我知道，因為你要看實用性，那個範圍那麼小，而且沒有水源。都市發展局李局長怡德：現在我跟議員說的是我們在實務上、在審議上…。黃議員柏霖：我知道，就是起碼把它放入一個案子，我們慢慢來研究。〔是。〕因為你剛講二十年前，二十年已經有很大的變化，光是三民區的變化也很大，好嗎？這個部分，你們再研究。都市發展局李局長怡德：這個我們來研議。黃議員柏霖：列入一個案子，好不好？,['高雄市政府都市發展局'],0,3,17,20, , , ,1,17,188
1442,2020市總,5107,"李議員長生但是我要向你解釋，這一條路其實不必經過都市計畫通過，當時都市計畫只通過82公頃而已，那裡並沒有通過，開闢這一條道路和那塊濕地有什麼關係呢？只有82公頃，這條道路又是既成道路，有什麼關係呢？我說重點，現在外面有很多流言，可不可信我不知道，但是聽說劉副市長在阻撓開闢這條道路，得到消息的隔天，很多賞鳥協會及什麼協會就上報，今天跟環評有什麼相關的問題嗎？市長，你有沒有印象？前年101年的茄萣烏魚節，你告訴本席：「這條路是由你們自己做環評，差不多需要三、四個月的時間。」我說：「非常感謝市長，給你六個月好不好？」結果現在拖了一年多。表示不管是誰，市政府裡面一定有人在其中阻撓，劉副市長是高雄市環保審查委員會的主任委員；今天誠毅紙器1,200公頃的魚塭規劃做25公頃的工業區，你都批准、有條件通過；反而1-4道路，你卻拖延這麼久，鄉親怎麼能諒解？不然怎會來了六、七百個鄉親，請劉副市長答覆，是不是你在阻擋？是要如何讓它通過？主席（許議長崑源）請劉副市長答覆。劉副市長世芳我是環境影響評估委員會的主席，市長剛才向議員報告，這是個合議制，不是我個人能決定，我也向各位報告，在環境影響評估審查過程中有三次環評小組的會議也都到現場去看過，也把所有的意見，包括在地的很多居民代表，可以到環評大會來做意見的表述，因為裡面有些資訊不夠清楚，我們市政府的審查小組要求提案單位，繼續提供較好的資料送來環評大會做審查，這部分絕對是合議制，不是由我個人決定。",[],0,2,0, , , , ,0,0,333
1325,2020市總,4861,"蘇議員炎城接著要請問環保局局長，請你回答一下。主席（許議長崑源）局長請答覆。環境保護局陳局長金德自來水公司在今年的1月29日、3月7日、4月27日共有三次緊急限水、停水，原因是懷疑自來水公司的水源高屏溪部分污染，有兩次是濁度太高，有一次是有臭酸味，自第一次發生事情到現在，環保局針對高屏溪沿岸列管的事業，總共稽查53次，其中有裁罰4次，總共裁罰36萬6,000元；另外高屏溪的流域管理原是中央設的，有跟中央的相關單位分工，針對列管的，不管是牧場或工廠，已經都在加強查緝；至於高雄市民的自來水用水，環保局針對六個淨水廠平時就有在檢查，輸送水的水管，前面、中間、後面共有66處平時都有在檢查，這幾年來，我們的用水品質都沒有超標，都沒問題。我們有加水站，加水站環保局負責的是水源許可的稽查，這部分也都有定期要求…。蘇議員炎城局長，我給你一個建議，因為高雄市的用水大多來自高屏溪伏流水，攸關大高雄市民的健康，所以上游的如果有污染，因為造成污染一定有原因，本席建議把那些污染源的原因找出來，因為今天是剛好有發現這樣的問題，已經發生三次了，你有去檢討污染源來自哪個地方嗎？為什麼水會變成這樣？以前都沒有，會變成這樣一定是有原因，所以本席建議把這個污染源找出來，澈底解決，這樣才能解決問題，請坐。","['高雄市政府環境保護局', '自來水公司']",0,3,23, , , , ,1,23,149
1696,2020市總,5652,再來，是不是能夠開發緊鄰台灣海峽沿線之沿海道路，以串聯茄萣、永安、彌陀、梓官等區及興達、南寮漁港，打造黃金海岸線，帶動本市漁業經濟與文化，促進交通便捷性，達到美化城鄉、旅遊休閒之水岸城市。因為永安位在北側，從北側要到彌陀，中間隔了一條阿公店溪，這中間如果能夠規劃興建一座永安跨越阿公店溪出海口橋梁至彌陀區，將可銜接永安海邊石斑路，之所以取名石斑路就是因為永安生產石斑魚。彌陀這邊生產虱目魚，我們有虱目魚、石斑；梓官這邊還有海魚，沿線這些漁港，是不是可以興建一座跨越的橋梁做串聯，讓全線暢通。尤其彌陀區海岸線有濱海遊樂區及南寮漁港以及梓官區赤崁蚵仔寮漁港，是不是可以連結起來做一個串聯？工務局針對這座橋是不是可以好好來規劃，做一個建設？因為這個地方我已經講過好幾次了，可能因為經費太大，礙於經費問題，但是還是希望能夠規劃，向中央爭取經費或配合款來建設，請局長答復。主席（張議員勝富）：請局長回答。工務局趙局長建喬：有關興建永安到彌陀跨越阿公店溪橋梁的部分，坦白講構想很好，但是針對這個橋梁交通量的評估，我覺得真的有必要做，因為要投資興建這座跨越的橋梁，旁邊的平面道路都要一併做施設才有效益，此部分的投資金額多達四十幾億，金額相當大，所以我想，第一步，交通量的評估我們先來做，這才是重點。翁議員瑞珠：我認為目前我們可先規劃，這邊目前有路可以通行，只是不是很大條，如果這座橋可以興建，整條道路就可以拓寬一點，讓遊覽車、遊客都可以來遊覽，可以看到海岸沿線，這是很好的美景，希望新工處可以認真規劃看看。,"['高雄市政府工務局', '高雄市政府工務局新建工程處']",0,3,5,0, , , ,1,5,334
2840,2020部門,9896,原住民族博物館設在高雄的澄清湖，這是一個權益大事，北有故宮、南有原住民族博物館，中央既然已經核定了，我想了解一下，到現在為止中央到底協助到什麼程度？請主委答復。主席（康議長裕成）：請主委說明。原住民事務委員會谷縱‧喀勒芳安主任委員：謝謝主席、伊斯坦大議員。國立原住民博物館其實整個興建及規劃都是由中央來主導，地方就是協助關於用地的取得，包括未來都市計畫的用地變更、包括整個環評的部分。中央其實在今年7月才成立籌備小組，整個整體完成預計要在114年，其實市府覺得時間太冗長，關於市府原博館的推動小組，這星期五要召開第三次會議，中央是召開第一次，我們有做一些建議，希望他們在整個期程上可以做一些調整。市長在上次市政會議也指示，我們全力配合中央，包括剛剛所提的土地的取得，包括環評的部分，包括都市計畫等等，我們都會全力配合中央辦理。伊斯坦大‧貝雅夫‧正福議員：謝謝。我想中央的進度和時程拖太久，9月分我在中央政府參加轉型正義的委員會議，我也會向總統報告，希望把時程提早，謝謝議長、市長。,[],0,3,1,11, , , ,1,1,91
945,2020市總,4058,"關心市政，這是大家對於高雄市政府團隊非常的期待，也對於陳菊市長的期待，在這幾天的質詢，從你上任至今，本席看你被質詢及答詢時，本席給予你肯定，你是一個很大器及有遠見、有前瞻的人才。本席對於你的回應，你對於我們議員質詢時的回答，本席給予你肯定，但是也希望本席質詢時，你也是一樣的對待，所以今天的市政總質詢時間是一個小時，但是本席長期以來，十六年多來本席當選議員第三屆，在每次的會期我都在探討健康、環保，對於我們的地方建設及整個大高雄的監督、爭取建設，因為我們都是高雄市民包括台灣，台灣是我們的母親，我們是2,300萬粒的蕃薯囝仔。台灣是我們的母親，而地球是我們的地母，因為地球滋潤萬物來維持每個人，在地球上有63億人口，所以地球是需要保護，地球需要我們來疼惜，所以宛蓉長期推動少吃肉多蔬果，健康新生命、環保顧地球。十六年來我都沒有變，可是在議會質詢當中有很多的聲音，認為本席質詢的話題是這麼的冷淡、是這麼的沒有選票，為什麼你要說。因為宛蓉十六年來都始終如一，少吃肉多蔬果，健康新生命、環保顧地球，這些都在我們的生活當中，我們進入今天的主題。市長，南北齊發展、高雄共榮圈，這是本席所期待，也是想要看到的希望，因為透過今天的質詢，各位有些住在前鎮、小港，有可能住在高雄縣，他不曾來過漢神巨蛋，但是透過今天的質詢，也讓大家知道高雄市政府團隊是如何認真？如何打拚？所以這是宛蓉所期待，南北齊發展、高雄共榮圈。這是巨蛋，大家都知道的指標。這是美術館，是民眾休閒的好去處。這是凹仔底公園，是民眾運動散步的好地方。愛河之心成為情侶約會的好去處。世運主場館在2009年世運會在高雄，市長，世運在高雄你也辦的非常好，受到國際的矚目，也讓國際知道高雄是那麼熱情的城市，這是高雄人的驕傲。愛河的水質這麼清澈，成為釣客的天堂。當然南區也是有建設，本席認為一個人有做事就要給予稱讚，做不夠的地方要加強，所以剛才說明的地方都已經完成了。但是南區的部分，我們的前鎮、小港，原住民活動中心的行人及自行車道，從中山路跨越兩個凱旋路，這是未來進行審圖、規劃及發包當中。這是興旺橋的願景圖，是現在即將完成的部分。這是鳳山溪橋，我不知道我們的團隊那麼優秀，將這一張也放上去，這是劉世芳副市長在鳳山溪橋動土開工典禮的情形。",['高雄市立美術館'],0,4,0,10, , , ,2,0,333
353,2020新聞,1240,對於去年底九合一大選的慘敗，國民黨如何佈局大高雄市下屆立委選舉，特別是在旗鼓鹽與三民西的選區，能否找不到人投入參選的窘境，港都政壇都在關注。有電視政論節目名嘴指稱，下屆立委可能從濁水溪以南，國民黨可能會全軍覆沒，言下之意，包含國民黨目前在大高雄市的兩席區域立委黃昭順與林國正，也將不保。事實上，從這次市長與市議員選舉各區的得票數來看，下屆立委選舉國民黨在大高雄市的這兩席，可能岌岌可危，不被看好。首先是前鎮與小港區林國正這一席，市長選舉的得票數不說，光是民進黨提名五位市議員候選人全部當選的氣勢來看，只要民進黨不要再分裂，同時出現兩位綠營的候選人，林國正肯定會被輪槓掉，林國正可以說剉勒等！至於被視為國民黨最穩定的鐵票區左營與楠梓區，在這次的市長與市議員選舉幾乎已被民進黨大舉攻破，陳菊在左楠區的得票數共計拿下十一萬之多，確實撼動國民黨的鐵票區，也震撼黃昭順下屆立委的選情。政壇老將，黃昭順看到去年底市長與市議員選舉，民進黨勝選的氣勢，逼迫她不得不提早準備下屆立委選舉，她的競選列車已啟動開跑，希望能殺出綠營的重圍，位國民黨鞏固南台灣可能的唯一一席，能否如願，值得觀察。另外，國民黨在旗津、鼓山、鹽埕與三民西區這一選區，過去推出的立委候選人羅世雄，都是屢戰屢敗，兩次都敗在管碧玲的手下。,[],0,3,29,29, , , ,1,29,102
2367,2020部門,7751,黃議員淑美：剛剛黃柏霖議員講的，打通十全路是我們全三民東區人的期待，希望農業局局長能加把勁，趕快把它處理好。最近我從電視上看到一則，針對日本鎌倉的專題報導。日本鎌倉它是一個很有名的觀光景點，在早期它是個武士之都，也就是說它是以武術出名的。但是他們一直覺得，怎麼沒辦法把它列入文化遺產裡面呢？所以鎌倉當地的政府就把鎌倉定調為武士之都。我今天要談的就是「定位」的問題，這個定位可以影響未來整個城市的發展。,['高雄市政府農業局'],0,3,0,31, , , ,1,0,333
582,2021市總,2050,吳議員益政：自行車道，所謂鐵路…。林副市長欽榮：是，那個部分…。吳議員益政：我剛講的鐵路地下化上面那一段可不可做一些修正？林副市長欽榮：沒錯，而且我也主動的…。吳議員益政：還來得及嗎？現在還來得及嗎？林副市長欽榮：來得及。那個部分的話，還有2個月，所以我還可以的話，我會跨9個標。可以的話，我就盡可能依據剛剛益政議員的提示，如果沒辦法的部分，我們就下一步。但是如果可以的話就往下面，至少在這個biking的過程中有點shadow、遮蔭，這也滿合理的，所以我做得到的地方，我就儘快，因為還有2個月的施工期，我就儘快地來進行。吳議員益政：OK，謝謝。林副市長欽榮：我回去之後馬上就9個標再檢視一下。吳議員益政：好。林副市長欽榮：也懇請我們2個局長，一個是水利局，一個是工務局，就趕快先進行。吳議員益政：都發局本身跟地政局有關重劃區在我剛講的…。林副市長欽榮：是。吳議員益政：把劃自行車道為必要條件，除非不行；第二個是已經重劃好，還沒開發的可不可以透過其他手段來要求？林副市長欽榮：我想我也會把這個帶回去，尤其是地政局，目前還有一些土地重劃正進行之中。都市計畫的話也許可以擺入都市設計準則做為…。吳議員益政：對，要設計準則，不然每次提醒，把準則立法下去就好了。林副市長欽榮：對，優先準則劃下去的話，那麼業者也比較好遵循，也可以必要的容積獎勵，也明白的表示，公務員執行起也比較清楚一些。以上，我就跟吳議員報告。吳議員益政：謝謝。剛剛講的優先把輕軌、捷運旁邊400公尺的人行道先做好。,"['高雄市政府工務局', '高雄市政府地政局', '高雄市政府都市發展局', '高雄市政府水利局']",0,3,0,17, , , ,1,0,333
1605,2020市總,5459,民政局長，你也是和民眾息息相關的工作，我想聽聽你在預算上有何想法？民政局曾局長姿雯：在這裡我有三個部分，第一部分，最近大家都知道市民意識的抬頭，我們在第一線服務的部分，尤其是民政局，我們的區公所和戶所都是第一線服務的單位，這幾年因預算的問題，所以我們常常在廳舍的維持費的部分都不足，市民常常打1999來反映，他到戶所要接受服務時，為何那麼熱都不能開冷氣，我們要等人很多時，才開冷氣，有些基本維持費的部分，我們經常必須…。周議員玲妏：你這問題，好像每個警察局的派出所，都有相同的問題。民政局曾局長姿雯：對，我們必須去調挪，去想辦法，我們好像也感受到持家的困難，我們必須挖東牆補西牆這種方式去處理，如果我們希望這部分能讓市民得到更滿意的服務，我也希望基本維持費的部分，是不是不要摳這麼緊？這是第一部分。第二部分，我們各局處都有一些基本的預算額度，包括基本人事費支出，或法定福利的支出，這都不能刪減的。剛剛教育局長說的，有很多事情是各局處，包括很多創新的東西，這些創新的業務，我們都必須報額度外的需求，如越想做事的局處，這額度外需求就越多，但這些通常都爭取不到預算的。我們如要讓高雄市更進步、更幸福，讓人民的感受更深刻，我認為這些額度外需求是和人民息息相關的政策的部分，我也希望能爭取。,"['高雄市政府民政局', '高雄市政府教育局', '高雄市政府警察局']",0,3,4, , , , ,1,4,167
2121,2020部門,6811,另外，毒品氾濫和吸菸率高，可以說是治安隱憂，也是教育上的遺憾，尤其是毒品氾濫問題。如果在校園內無法改善，或是降低吸菸率，有時對於高雄市的治安會產生威脅和惡化。所以維持校園治安有三個單位、三個方案，譬如說警察局、教育部、法務部都有推動校園掃黑方案，雖然吸菸和幫派並無直接的因果關係，但是販毒和吸毒則和黑道、幫派有關連，所以希望學校不要變成犯罪的溫床和搖籃。在此要請鄭局長在校園吸菸、防毒的預防和稽查這個區塊上，要特別的費心，希望你能夠盡力督促，好不好？教育局鄭局長新輝：好，謝謝。,"['高雄市政府教育局', '高雄市政府警察局']",0,2,24,24,16, , ,0,24,101
2829,2020部門,9846,捷運工程局吳局長義隆：有關林議員關心的部分，就是小港林園線，這個部分的期末報告在今年下半年會完成，完成之後就會專案向中央爭取，這是針對小港林園線的部分。另外林議員關心的岡山路竹延伸線，因為岡山路竹延伸線中央分為兩個階段，第一個階段是1站，第二個階段有7站。在整體的工程裡面分為三個部分，一部分是土木建築工程，這個一般就可以處理的。第二部分是機電系統，因為機電系統如果只以一站下去發包，成本單價很高。因為一個系統裡面，主要的機電系統設計，一次完成的成本平均下來就可以降很多。第三個部分就是車輛，我們第一個階段只有購買一列，也就是三個車箱為一列，我們只有買一列車而已。一列車的成本，因為還要開模去做，所以成本非常高。所以我們第一階段一開始就是統包，也就是全部都納入，同時我們同意第二階段的九列車，讓他們以擴充的方式去做。但是在今年初公告的時候，廠商會認為只有一列車而已，不敷成本沒有辦法做，而且機電系統只有一站而已也沒有辦法做。因此我們這次已經重新公告，採取的方式是土木建築的部分，可以比較多人做的就先施作。也就是土建工程先施作之後，今年底到明年我們會發包二階，就會把機電系統和車輛一起在二階的時候做。今年土建先開始進行，明年二階的土建也同時辦理發包，和機電系統一起進來。這樣一階的部分我們認為應該不會有問題，很快就可以發包出去，發包出去之後我們就可以啟動一階的土建工程。二階的部分明年開始跟進，然後整個系統到RK8這8站就可以整個接起來。所以這個部分我們都有檢討過，目前朝這個方向，廠商應該願意進來的意願比較高，因為他們的成本不會增加，也不會造成廠商的問題。林議員宛蓉：謝謝主席。局長，如果有這樣子的變通性，讓我們的進度可以順利的完成，我想這是好事。,[],0,3,5, , , , ,1,5,334
1336,2020市總,4878,水利局，我們沒有錢也是要想辦法，雨季到了，李局長，我向你建議很久了，樂群路從壽民路到加昌路，軍校路從蔚藍海岸大樓到和光街109巷，這一帶的箱涵全部都是以前預鑄的，以前不是場鑄，就是整個箱涵預鑄好下去銜接的，時間久了，這些箱涵經過地震或車輛重壓最後都會變形，沒有夯實都會凹陷下去，這個部分吳副市長最了解，這個你要去找經費，否則一下雨全部凹陷下去，路面不平，形象很差，還要修補，坑坑洞洞，怎麼補都沒有用，過了不久，下雨又凹陷，補不勝補，愈補愈嚴重，觀瞻不好、形象也差，既然要花錢就要做好，忍痛花錢至少三十年不用挖挖補補，這個部分請市長要重視，請水利李局長答覆。主席（許議長崑源）：請局長答覆。水利局李局長賢義：早期都是用RCP的…。周議員鍾?：用FRP的。水利局李局長賢義：就是PIPE，所以經常會發生問題，樂群路壞掉的部分4月3日我們已經修繕完畢，軍校路和光街109巷的部分我們也修繕完畢，議員針對RCP的管我們會全面來檢視，我們有提出那個地區整個…。周議員鍾?：你們要整體規劃分年進行，沒有錢你就分年、分段下去施工嘛！好不好？水利局李局長賢義：對！因為錢太多，所以我們今年在楠梓…。周議員鍾?：你不能說我沒有錢不要做、我都沒有辦法做。水利局李局長賢義：還是有啊！藍昌路我們開始在規劃了。周議員鍾?：分兩年也好，市民也是希望這樣，局長，要動腦筋。,['高雄市政府水利局'],0,3,0, , , , ,1,0,333
701,2020新聞,2574,高雄市輪船公司昨宣布，三月起全面調漲渡輪各類票種的「現金價」，現場投現的漲幅從二成五到六成不等，漲最多的是全票，從二十五元一口氣調高到四十元，持電子票證仍享目前優惠。當地四位議員都不知道渡輪漲價。蔡金晏指出，拿衝高電子票證當理由，勢必引發爭議；李喬如直言漲幅令人「太有感」，應拿出具體數字說服大眾；簡煥宗擔心造成在旗津上班、上課者負擔，建議漲價應區分觀光客與一般市民；陳美雅認為要衝電子票證應加強便利性，不是透過漲價。這是渡輪兩年內第二度調漲，上回是民國一○四年六月，當時漲幅約三成到六成，若三月再漲，等於不到兩年翻漲一倍多；輪船公司強調，電子票證（目前僅一卡通）使用率目前僅二成七，這回漲價目的之一，就是要拉高電子票證用量。輪船公司說，渡輪票價長期低於其他縣市，為適當反映部分營運成本，同時衝高電子票證用量，三月起將調整鼓山往返旗津、前鎮往返中洲等航線各類票價。輪船公司指出，投現乘客全票由二十五元調為四十元、優待票十二元調為十五元、學生票二十元調為二十五元、機車二十五元調為四十元、自行車維持十元不變。使用電子票證仍保有目前優惠，亦即全票二十元、學生票十五元、優待票十二元（原價打八折後），旗津卡維持原規定不收費。高雄渡輪鼓山往返旗津、前鎮往返中洲兩航線，平日每天運輸一萬人次，假日一萬五千至二萬人次，連假時四萬人次，年運量七百萬人次（一般乘客）。,[],0,3,5, , , , ,1,5,334
1660,2020市總,5571,再來，高11線的拓寬已經開始了，每項都已經調查好了，測量和公聽會也都開完了，因為這條道路地方非常需要，所以拜託工務局趕緊給我一份書面資料，好讓我向民眾答覆。現在還剩下17、18分鐘，本席請陳市長和三位副市長、秘書長和相關的局處：農業局長、都發局長、工務局長、水利局長、地政局長、環保局長出來外面接民眾的陳情書，這種都是理性的，是要讓你們知道來替他們出力而已，請大家出來外面接受他們的陳情書，同時聽聽他們的聲音，只要十多分鐘，請出來外面。主席（康議長裕成）：李議員，你質詢到此，是不是？有沒有要再進來？好。李議員長生：我剩下17分鐘，但是我不能耽誤他們的時間，現在還是我的時間，所以我請市長、副市長及相關局處來接受陳情書，同時聽聽民眾的聲音，因為民眾遠道而來，謝謝。主席（康議長裕成）：時間照算，照常進行，請陳副市長代表去外面接受陳情。,"['高雄市政府工務局', '高雄市政府環境保護局', '高雄市政府地政局', '高雄市政府農業局', '高雄市政府都市發展局', '高雄市政府水利局']",0,3,0,27, , , ,1,0,333
2572,2020部門,8692,這幾年我發現經發局努力推動數位內容跟這些電信產業，還有綠能產業，其中綠能產業我大概看到有一些太陽能光電的單一窗口，還是鼓勵一些民間來投資，甚至成立一些再生能源的公司等等。對於政策作為跟政績我是相當肯定，但我希望更明確，其實我們知道法國是一個核能的大國，核能的依賴比例是占所有能源的75％，法國在前幾年正式的對外宣示，要在2025年努力達到減核25％。我在這邊想問的是我們高雄市在推動綠能產業政策，到底有沒有訂定能源的自給率？譬如說韓國、首爾就有訂立能源自給率，努力於各政策包含工務局、經發局，各方面進行推動。等一下請經發局長答詢，是否有規劃綠能產業更精進措施。財政問題，我快速問兩個問題，因為時間只剩1分半。前兩天大家都很關心高雄市的財政問題，甚至有議員指出高雄是否會變成苗栗的質疑，等一下也請財政局長回答。,"['高雄市政府財政局', '高雄市政府工務局', '高雄市政府經濟發展局']",0,4,19,14, , , ,2,19,135
2335,2020部門,7601,張議員文瑞：首先我要請教工務局楊局長，剛剛局長有提到我們高鐵橋下這條路線，這條線在原高雄縣政府的時候，本席在縣府率先提出這個建議。之後經過非常久的時間，我們許議長那時候就很重視，在岡山各處開了好幾場的說明會，差不多也講了有一陣時間了，我相信市府、包括原高雄縣政府應該已經用很多的精神及經費在這個地方，不知道目前我們工務局進行到哪個程度了？是不是請局長報告一下。主席（曾議員麗燕）：局長，請答覆。工務局楊局長明：張議員對高鐵橋下從阿蓮的環球路到仁武的這一條道路非常的重視，也詢問過很多次。在這個地方要向議員報告，縣市合併之後，我們新工處對於從仁武到阿蓮的高鐵橋下已經做了可行性的研究。可行性的研究做好了，也送到交通部公路總局，我們建議希望交通部能夠把它納入省道，因為從環球路以北到台南的高鐵站是台39，它是省道。既然我們的可行性研究已經做好，所以我們希望中央可以把這一條道路當成省道的一部分，由中央來興建或者由中央來補助我們高雄市政府。目前，因為經費相當龐大，我們估算大概要八十多億，就是二十多公里需要大概八十多億，所以初步公路總局有來函表示：「短期內要先等到國道7號終點到國道10號仁武附近，國道7號一旦興建完成，再來評估北上平面道路的流量。」目前公路總局來文並不是非常正面，我們目前也有透過立法委員跟中央爭取中。在道路還沒有辦法確定之前，我們已經跟體委會爭取到一筆規劃經費，就是從阿蓮環球路往南先到阿公店溪，看看是不是有機會先布設自行車專用道，這一部分我們已經在做先期規劃中。張議員文瑞：我覺得那條道路是非常的重要，現成的地，講不好聽一點就是不用徵收。以北已經做得這麼好了，那以南的20公里，以前差不多在縣政府的時候，預算是說大概六十至七十多億就可以了。現在你說他們重新評估後變成要八十多億，如果你真的沒有辦法一次全部把20公里完成，你也可以分段，像分第一段、第二段、第三段，先做到岡山或是任何地方，我覺得這條是非常重要的一條道路，如果整個完成後，等於就是對北高雄會是一個交通非常方便的一個地方。在這請工務部門，尤其局長、處長配合我們地方的立委向中央極力去爭取，拜託工務局長。,"['高雄市政府工務局', '高雄市政府工務局新建工程處']",0,3,0, , , , ,1,0,333
147,2021市總,530,本席再請教環保局局長，因為你是空污專家，市長聘請你來是要解決高雄市空污的問題，本席請教你，高雄市有需要四座焚化爐嗎？你簡單答復本席。主席（許議長崑源）：環保局長，請答復。環境保護局袁局長中新：謝謝副議長，就高雄市自己所產生的家庭垃圾跟事業廢棄物，總量而言，當然是不需要四座這麼多焚化爐。陸副議長淑美：焚化爐會造成空氣污染嗎？環境保護局袁局長中新：會。陸副議長淑美：會嘛！你認為不需要嘛！好，你先請坐。本席為什麼要突顯這個問題，因為縣市合併之前，原來的高雄縣有兩座焚化爐；高雄市也有兩座焚化爐，合併以後有四座焚化爐。結果很多外縣市的事業廢棄物也好，家庭垃圾也好，全部很多縣市的垃圾幾乎都跑到高雄市來，結果我們也沒有一個很好的防制措施。希望低污染的我們幫忙焚燒就好了，高污染的希望不要進來，我們也沒有這麼有效的管控。焚化爐要如何營運管理？因為據本席所知，仁武焚化廠以及岡山焚化廠是不是跟廠商的簽約都即將到期了，請局長答復，仁武跟岡山的部分。主席（許議長崑源）：局長，請答復。環境保護局袁局長中新：跟副議長報告，對，沒有錯！明年跟後年，這兩個廠因為已經營運20年合約到期了，後續15家…。陸副議長淑美：仁武焚化廠什麼時候到期？環境保護局袁局長中新：仁武是明年。陸副議長淑美：岡山呢？環境保護局袁局長中新：岡山是後年。陸副議長淑美：據本席了解焚化爐也算是會賺錢的機構，本席建議你如果兩座焚化爐到期，市府要考慮讓市府自己來經營，我們不需要再委外經營，不需要簽訂目前那一種不平等合約。本席期望市府可以委任，可以聘請一些專家來市府團隊裡面幫我們專責管理焚化爐，讓財政可以增加收入。我不知道環保局局長對本席的建議有什麼看法？局長，請答復。主席（許議長崑源）：局長，請答復。環境保護局袁局長中新：對於副議長的建議我們來審慎評估，因為到目前為止時間也是很緊湊，因為它的合約馬上就要到期了。陸副議長淑美：明年跟後年，時間不緊湊。環境保護局袁局長中新：我們現在已經開始作業了，因為它…。陸副議長淑美：已經作業了不能修改嗎？有這種事情嗎？環境保護局袁局長中新：我們會來評估。陸副議長淑美：我希望不要讓其他的議員也在議事廳提到這個會賺錢的東西，你故意要讓別人做，不要讓我們自己做，這個沒道理啊！我們也不能接受，我希望你們朝這個方向去做。會賺錢的市政府自己做，當然我們要以控制低污染為原則，會賺錢的行業為什麼我們不要自己做？我們的財政這麼困難，是不是應該這樣？,['高雄市政府環境保護局'],0,2,23, , , , ,0,23,149
2764,2020部門,9558,再接下來，還是要就教於客委會，我一直在麻煩客委會，客委會在高雄是不是有一個屬於客家文化的職訓？我們有看到一些班別，但是就是沒有職業訓練，不曉得這樣的一個課程班別，客委會在執行上有什麼困難點？請主委回答。客家事務委員會古主任委員秀妃：我們的職訓還是在勞工局，因為他並沒有特別針對客籍或什麼，我們曾經接洽過，如果客籍有需要我們是一起，他不會特別的。〔…。〕主席（伊斯坦大‧貝雅夫‧正福議員）：延長3分鐘。李議員雅靜：原民會都能，為什麼客委會不行？原民會有職業訓練，客委會人口數不會少於他們，而且你們的客家文化和原住民文化是一樣優美的，我覺得你們大有可為，只是你們太著重於辦活動，太形式化了，沒辦法為高雄市民、為高雄在地的子弟們留下什麼痕跡。客家事務委員會古主任委員秀妃：除了活動之外，我們課程的訓練也有很多次，只不過沒有和勞工局一起合作辦理職訓，但是有很多傳統技藝、工藝的課程是有的。李議員雅靜：勞工有勞工學苑、原住民有原住民學苑，你們客家有客家學苑嗎？〔有。〕在哪裡？客家事務委員會古主任委員秀妃：在高雄市新客家文化園區，也就是我們辦公室那個5.7公頃的園區，客家文物館。李議員雅靜：很多人都不知道在哪裡，我問客家人還是不知道，誰的錯？客家事務委員會古主任委員秀妃：我們會繼續努力宣傳。李議員雅靜：高雄那麼大只有一個點，你的課程只能在那個點，不能去親近所有市民的時候，你覺得你推起來會不會很辛苦？客家事務委員會古主任委員秀妃：除了那個點以外，我們在鳳山的中正國小和鳳山社大合作、在美濃和旗美社大，還有美濃客家文物館，其實都有開設，只不過我們統一的名稱就是客家學苑。李議員雅靜：所以你們有配合其他的相關課程在做文化推廣和職業的訓練？〔有。〕做完訓練他們進入職場的狀況呢？客家事務委員會古主任委員秀妃：這個我們沒有統計。李議員雅靜：試試看，好不好？因為有限的資源我希望你們可以用在刀口上，試試看，〔是。〕如果是和職業有關係的，包含你們有一些小吃、藍染等等，可以去做這些，怎麼去推廣，包含他們創業可以去做統計，未來你們開班授課，甚至你們可以更多元化的依據，不要只是配合一直上課而已，可以嗎？包含鳳山，我向局長建議，我有和空大校長提一個建議，我們是不是在鳳山設一個分校，設在哪裡？不是設在學校裡面，設在鳳山火車站，我們主站體上面2、3樓有一個很大的空間，分校可以設在那裡。也許你可以和空大合作，或者可以去洽談這些，包含原住民委員會也可以…。客家事務委員會古主任委員秀妃：好，我們試試看。,"['高雄市政府原住民事務委員會', '高雄市政府客家事務委員會', '高雄市立中正國民小學', '高雄市政府勞工局']",0,3,8, , , , ,1,8,13
1786,2020市總,5861,蔡副議長昌達：大家午安，有關中央公園要不要蓋圖書館的議題？請市長答復。主席（康議長裕成）：請市長回答。陳市長菊：中央公園要不要蓋圖書館我現在先說明，剛才看到反對團體說它是私人紀念館，絕對不是私人紀念館，而是他有冠名權，就像高雄市立圖書館總管每一層樓也有不同的冠名，就是我捐獻給市政府，這個我用…。蔡副議長昌達：它是掛李科永的名稱。陳市長菊：掛他的名絕對不是有個人、私人紀念館，像這樣的誤解非常不好，還有說有他們基金會的辦公室，絕對沒有。今天我們高雄市立圖書館，它是中央圖書館的分館，而李科永紀念圖書館不是只有高雄有，台北市、新北市、新竹、宜蘭，有些人願意把錢留給子孫、有些人要蓋圖書館，我個人認為圖書館是不分貧富，每個人都可以進去圖書館，知識的投資，有些人樂意這樣做，也有很多人反對，包括護樹、保護生態、環保，他們有崇高理想的人，我都非常尊重。但是今天有另外一批人，包括當地所有的里長和市民，這個過程之中，一年半來不斷的溝通民調協調，但是我不希望被曲解為這是私人的，我們又不是蔣介石時代，哪有什麼私人紀念館，因為我們反對威權，所以絕對沒有私人的情形。謝謝蔡副議長讓我有說明的機會，高雄是一個多元的社會，民主的聲音、不同的反對意見我都尊重，議會裡面有人贊成、有人反對，我都尊重，但是高雄市政府的決策就是大多數高雄市民的利益，公共利益我們都支持。蔡副議長昌達：就像捐獻給寺廟，然後在柱子上留名是同樣意思。陳市長菊：就是這個意思，譬如你捐一輛消防車，消防車上也有冠名，就是這樣，如果因為這樣要背負那麼多的罪名、罵名，我想公道自在人心。,['高雄市立圖書館'],0,3,0,1, , , ,1,0,333
2308,2020部門,7493,交流，有兩個交流，城鄉。我們現在縣市合併，像那瑪夏這麼漂亮，還是民權國小，應該可以讓我們城區的學校去那裡住一個禮拜，老師和班級及家長都去，不是去度假。就一個禮拜去那邊上課，然後他們來我們城市一個禮拜。台灣現在空教室多嘛！你就把各個學校的空教室打地鋪，男生、女生各一邊，孩子就很高興了。城鄉交流讓小孩子生活經驗豐富，我們談了很多十二年國教，考試的方式，我們沒有認真談論教育的實質內容的改變。我覺得生活經驗是最重要的，易地而求取知識是最好的方便，包括國中或是高中的時候，簽訂姊妹學校，很多學校透過這樣的交流，上下課時間，因為我們高雄，坦白說，跟全世界比起來，我們住的便宜，吃也便宜，學費也便宜。那如果跟那些較貴的交換，你來免費，我去免費，這樣我們賺耶。但是要機票，可以再找航空公司在淡季的時候，我們不要寒暑假嘛，上課時間去跟人家交換，我覺得這樣增加我們高雄整個更友善、更國際化，從小孩子開始做起，用最便宜的方式，沒錢沒…。主席（童議員燕珍）：請鄭局長答覆。教育局鄭局長新輝：我想城鄉交流這個想法是非常好，我也非常認同，高雄市事實上也一直都在做，尤其是合併之後，其實我們推了就是學校校際之間的策略聯盟。也就是說，原高雄市的某一個學校跟原高雄縣的某一個學校是策略聯盟的夥伴學校。他們兩個除了校長和校長之間行政的分享，老師和老師之間教學的分享，學生和學生之間也有城鄉的交流活動。所以前一陣子才有那瑪夏民權的學生就來高雄市的民權國小，他們就招待下來，然後做了一個禮拜的交流。那民權國小這邊的學生也跑到那邊民權國小去，那當然就可以住在民權國小。所以事實上這個交流有時候是有。〔…。〕好，我們持續來推廣啦。因為各學校之間的條件未必完全一樣，不過這個理念是對的，是好的，我們持續來推廣。,"['高雄市政府教育局', '高雄市立民權國民小學']",0,3,16, , , , ,1,16,129
457,2021市總,1594,本席在108年9月有會勘旗津生命紀念館，責成市府設置小型焚化爐，為什麼本席會爭取呢？市長，你也知道，旗津是一個半離島行政區域，它又是具有觀光功能，我們列為觀光重點的一個行政區域，但是你也知道人生就是要走那條路，長輩離開了，兒孫要盡孝，在最後一階段都會燒庫錢，居民燒庫錢都在路邊或海邊，結果被檢舉還會被開罰單，人家已經很悲傷了，政府又來開罰單，不是讓人家更加悲傷嗎？這怎麼解決？那就是在旗津區，我們地點都找好了，市長，可以蓋一個小型燒庫錢的焚化爐，經費不多，只要1，000萬元，結果去年因為政治空窗期而未完成，沒有關係，現在市長「緊！緊！緊！」到位了，1，000萬元而已，不要再等到110年才要編預算，看不到，我希望市長，這1，000萬而已，明年你的預備金也可以拿出來，把私房錢拿出來，民政局基層發包工程的標餘款都可以，這1，000萬很簡單，都找好了，等一下請市長明確回應，這樣子就不會造成空污，讓旗津的鄉親覺得市長真的有關心到旗津的需求。,['高雄市政府民政局'],0,3,4, , , , ,1,4,167
1770,2020市總,5836,"上次小組時我有提到社會局要重視約聘僱加班的問題，我剛剛看了這個圖表，社會局目前是高雄市約聘僱人員最多的；加班時數也是最高的，你回答社會局的工作非常多，有人來我的服務處檢舉，局本部的底薪就有3萬2,000元，加上加班就有4萬，…。主席（蔡副議長昌達）：局長請答復。社會局姚局長雨靜：我記得上次議員在垂詢我們，1月到4月加班的時數為什麼比其他的局處多？那時我向議員答復，我們加班時數比較多的原因， maybe 我們聘僱的人力比較多，一方面因為碰到寒害、一方面碰到台南地震，所以我們動用了非常多的工作人力到台南支援，所以1月到4月加班的數字的確比較高，但是如果議員看上次提出的表列，我們相關約聘雇的人員，其實就社會局相關的屬性，除了一些突發事件之外，原本各種的服務屬性，如果是機構類的，就是24小時要提供服務，譬如家訪中心也都是24小時 on  call ，都要有很多的工作人力，有一些相關聘僱人員是中央專案計畫的任務，一年一年做的相關方案，所以必須用聘僱的方式，我們也很不希望工作人員這麼辛苦，但是我們的服務屬性，很難去跟服務對象說，我們已經下班了，所以你明天上班再來找我們，所以工作必須不間斷。其實我們的工作人員真的非常辛苦，我們當然有配合人事處做相關的人力控管，甚至縮編，但是必須按照勞基法或市政府相關的規範出缺勤，所以社會局都是按照相關的法令在執行。","['高雄市政府人事處', '高雄市政府社會局']",0,3,10, , , , ,1,10,135
594,2021市總,2082,市長上任以來，本席非常感謝市長一上任，他第一個推出的就是社會住宅，也就是照顧弱勢、照顧青年的方案，他預計4年要興建8，800戶。本席長期以來，從一上任第一個會期，因為關心寵物公園，所以我也一直關心87期重劃區的用地，我發現我們有2塊軍方回饋給市府的用地，所以一直在督促這2塊用地，它可以成為興建青年住宅的首選，也非常感謝市府都發局，那一天局長也馬上到現場去了解，去宣示說我們一定要開始啟動，在這邊感謝市府團隊。,['高雄市政府都市發展局'],0,5,17, , , , ,2,17,188
1594,2020市總,5432,第二個部分，我們看市政府怎麼亂花錢，舊議會遷走以後說要給教育局辦公，花了一千七百多萬做整修，結果現在教育局又從舊議會遷走了。市長，如果不要亂花那些公帑，我想我們可以好好的辦教育，最後我要為光榮國小請命，請不要廢除光榮國小，保留光榮國小…。主席（康議長裕成）：請市政府針對陳議員美雅質詢的問題，7天內以書面答覆，休息，11分鐘。,"['高雄市政府教育局', '高雄市立光榮國民小學']",0,2,16, , , , ,0,16,129
371,2021市總,1310,李議員眉蓁：接下來，我想請教目前規劃多少生活圈，將高雄市劃分許多個產業的生活圈，包含北區智慧產業生活圈、中區的經貿行政生活圈、南區的智慧雙港生活圈、東區的山城綠農生活圈、西區的海洋經濟生活圈，大高雄就會有非常多的智慧生活圈。我想請問代理市長，如果未來高雄要計畫這樣好幾個生活圈，你認為可行性如何？請代理市長回答。主席（陸代理議長淑美）：請楊代理市長答復。楊代理市長明州：基本上因為高雄土地非常廣，從最東北的玉山山脈下，一直到西南的台灣海峽，都是高雄市的轄區範圍，所以不管是根據地理環境也好，或者根據產業的發展也好，適當的有一些個別的屬性或是特色，劃分一些所謂的生活圈，我覺得也都是可以考慮的。李議員眉蓁：是可以考慮。以現在高雄市政府的財政，要規劃這麼多的生活圈，你認為我們爭取會有這樣的機會嗎？楊代理市長明州：其實生活圈的劃設是一個概念，它只是一個概念，有針對各區的特色，在我們的市政建設上面都會按照這個特色，譬如說我們有一些產業的規劃、產業的布局，或者在亞洲新灣區、多功能經貿園區裡面，包括會展、金融、商務，或者是工業區、產業園區的報編，其實都是高雄市可以去考慮的，包括像我們的產業升級，或者是數位內容，這些都是我們未來必須要做的。李議員眉蓁：剛剛你講的亞洲新灣區這些生活圈，還有我剛剛講的各區，我們需要花大筆龐大的資金下去創造，所以才能造成這樣概念的生活圈，謝謝。,[],0,3,26,19,19, , ,1,26,127
2013,2020部門,6349,接下來，我要請教研考會的主委，你在高雄市政府是很重要的一位，不論誰要用錢，都要經過你這部門，而且都要經過一番角力才能爭取得到。你很認真我很尊重你，我今天不是要來苛責你，我今天要請教你，請你好好的研究考核關於中山四路跨凱旋四路的行人和自行車天橋的問題，這裡興建目前的進度如何呢？請秀一下圖片。這裡是翠華路的自行車和行人專用的空橋，這空橋設計得真是美不勝收，是很多自行車族的最愛，這裡屬於左營地區，也是左營、楠梓居民的最愛。每當我經過那邊時，看了就深深覺得真是太漂亮了，翠華路原本就很漂亮，而你們又把它興建得這麼好。中山路、凱旋路我之前就常常在提，現在是有個成果出來了。這中山路和凱旋路車流量那麼多，往往出現人和車爭道和死神博鬥的情況。因為跨越兩個凱旋路，我看全台灣只有這條路會有這種情況。當然，也很謝謝市長很有魄力的把這筆經費撥下來。今天新工處的規劃費、設計費也都出來了，今年應該會進行發包。我說研考會主委啊！這些都經由你來促成的。對你有所讚美還不行呢！你好像坐不住了！在這是要向你質詢的，反而變成我在讚美你了。其實這條路、這條橋的情況，讓市長也看得一頭霧水呢！這條路原本這麼可怕，真的要感謝大家，目前是有成果出來了。我們那天也去做了說明，今年在六、七月時會進行發包，希望這工程能如期完工不要有所延遲，這工程預計在民國102年會完工，所以本席在這鄭重的為前鎮、小港的居民，為整個大高雄的市民朋友生命財產的安全做把關。因為一般人來到這裡大家都覺得心驚肉跳的，因為我們都叫人節能減碳，叫他們坐捷運，但是這裡沒有捷運的出口，我們要經過這麼長的兩條大馬路，還要和大卡車演出人車爭道的情況，我希望能加以列管一下。,"['高雄市政府研究發展考核委員會', '高雄市政府工務局新建工程處']",0,2,0, , , , ,0,0,333
2070,2020部門,6561,但是光華夜市就不同了，你看它的入口意象就是這樣而已，我覺得真是太不公平了，其他地方都有電視牆、LED的設施。光華夜市的位置，處於苓雅區和前鎮區之間，它一半位於苓雅區、一半位於前鎮區。我們秀一下光華夜市的圖片給市長看，市長，這裡是光華夜市，它的前端和後面有兩盞共桿的路燈，當然這只是做表面好看的，為什麼呢？它只有前面和後面看來很漂亮，但是裡面呢？市長，你看一下。這裡有椰子樹、安全島和矮燈，設計真的很不理想。市長，你看這些小燈泡整個都纏繞在椰子樹上，這樣對這些樹是很大的傷害呢！這些椰子樹被這樣的處理，這像什麼話呢！來。市長，你看這些燈管整個纏在樹上面這真的是世界奇觀啊！被塑膠纏身這樣可以喘氣嗎？雖然椰子樹不是很好的樹，對於不良的樹木，該處理就要去處理。,[],0,3,0, , , , ,1,0,333
2962,2020部門,10332,再來是文化局，這個是文化中心所管轄的演藝廳的場次，我想請教一下其實文化事業單位，我覺得在高雄市其實不是文化沙漠，高雄市是很有藝術、很有水準的一個城市。我也常常自掏腰包買音樂入場券給我的好朋友、粉絲，然後一起去觀賞推動文化產業，局長你覺得這樣子的一個，比如說一年裡面的場次你覺得夠了沒？有沒有再增加比如說推廣的空間，還是說這個場次已經飽和了，高雄市需要更多的演藝場所出來，來滿足我高雄市所需要的一個演藝活動的發展，局長，請答復。主席（黃議員捷）：文化局王代理局長，請答復文化局王代理局長文翠：這個是1到3月的文化中心場館的使用狀況，以這樣的場次是正常的，應該說現在南部因為有中央的衛武營，然後明年要開幕的流行音樂中心，然後我們自己又有巨蛋也有世運主場館，以這樣場地的屬性跟區隔，其實高雄市這樣是非常豐富的。黃議員文益：我當然知道其實有分淡、旺季，對不對？旺季是一位難求排隊要等半年以上，但是淡季的時候呢？我覺得文化局要在淡季的時候主動出擊一下，我知道高雄市有些表演團體，它可能比較弱勢因為這些都要費用的，我覺得這些費用其實還好，我去做了功課，但總有些弱勢或公益團體它有些表演它連1萬5，000元、2萬元這些彩排費用，它都覺得對它來說是一個沉重的負荷。所以在淡季的時候，是不是有些獎勵優惠措施，讓我們在地的包括學校團體有些音樂班的學生就想要表演，在淡季的時候可以充分運用我們的演藝場所，鼓勵這些團體或者是民間的，反正就是充分的利用我們的場域，讓它可以達到實質的效果，好像每張票賣出去的話，都有娛樂稅嘛？含在內？有含娛樂稅，是地方稅收，請答復有沒有？如果有售票的話。主席（黃議員捷）：請答復。文化局王代理局長文翠：其實稅，是團體它自己去申請它售票的部分，那其實就如剛剛黃議員說的廳堂的使用，真的有很明顯的淡季跟旺季，那當然應該說所有團體都希望在假日，因為假日才有心情來欣賞藝文表演。所以通常比較難供應檔期的都在假日，而平日的部分只要有空檔一般團體來借，我們是一定會借的。〔…。〕至於你說的獎勵，登記立案在高雄的跟學校的團體我們都有優惠。,['高雄市政府文化局'],0,3,1, , , , ,1,1,91
2388,2020部門,7853,林議員瑩蓉：最後一個問題是有關輕軌的部分，輕軌即將施設，輕軌的沿線在都市審查時，有提到針對交通用地的退縮，退縮幾公尺後可以興建房屋，退縮地的部分要如何處理？當時市政府團隊也有到西班牙及其他國家都看過相關輕軌沿線的處理，我不曉得高雄市針對輕軌的興建，未來在我們自己的自治條例裡，有沒有明確規範沿線的建築限制？建築的限制除了以前高捷的時候是有獎勵，我現在講的是沿線的建築，他的景觀在輕軌經過時，是非常漂亮或是有創意的，如果是要創意的就給予獎勵，或是建築物需要拉皮的，我們也給予獎勵。但是需要限制建築，不能夠做其他影響或破壞輕軌沿線景觀，及民眾不允許的相關建築物突兀的景象。輕軌沿線有沒有做這樣的法令限制？對於建築的規範？除了基本的獎勵容積等等之外，有沒有這些方面的限制？第二個，輕軌周邊還是有自行車道的規劃，自行車道的規劃和輕軌沿線的處理，包括建築線的退縮，這個部分有沒有配套措施？還是房子蓋下去後，前面的自行車道就是要…。主席（曾議員麗燕）：延長1分鐘。林議員瑩蓉：輕軌沿線的自行車道該如何去規劃，目前有沒有完整的構想？該如何和建築物去做相容的配套？請都發局盧局長簡單答覆。主席（曾議員麗燕）：盧局長，請答覆。都市發展局盧局長維屏：輕軌沿線一定會有公共自行車，但是輕軌沿線應該沒有再配一條平行的自行車道。現在輕軌沿線框定後會實施BOT也就是增額容積，該增額容積所有案子都會送到都市設計審議委員會來做審核，所以會對沿線的建築物景觀做把關。林議員瑩蓉：你對建築部分的法令限制，目前高雄市對輕軌沿線有一個特別的條例嗎？都市發展局盧局長維屏：目前還沒有，沒有特別對輕軌沿線建築的面貌表情的要求。?…。?好，我們納入來研究。,['高雄市政府都市發展局'],0,3,5,0,17, , ,1,5,334
822,2020新聞,3523,市長允諾最短時間內訂出一致費率高雄縣市於去年底合併，但全市各公立納骨塔的收費標準仍維持合併前的費率，呈現一市多制。高雄縣市合併前，高雄縣超過二十個鄉鎮設有公立納骨塔，且收費標準不一，對於該鄉鎮居民還有特別優惠，直到去年底縣市合併後，公立納骨塔的費率仍維持合併前舊制。過去高雄縣各鄉鎮都有公立納骨塔的自治辦法，去年底縣市合併後，相關辦法都仍適用，且期限最長兩年，在新辦法未出爐前，差別費率可能還要維持一段時間。以原高雄市設於燕巢區的深水公墓為例，目前仍維持原高雄市居民收費三萬六千元、原高雄縣居民收費五萬兩千五百元的差別費率。不少民眾質疑，現在高雄市已經不分縣市了，為什麼公墓及納骨塔的收費卻還要區分「市民」與「縣民」。議員陸淑美也批評，縣市合併快半年，竟然連納骨塔的費率都無法統一，行政效率太差了。市長陳菊承諾，對於全市二十六處公立納骨塔的收費不一致，民政局應立即邀集各管理單位檢討，以最短時間訂出全市一致的費率。,['高雄市政府民政局'],0,2,4, , , , ,0,4,167
809,2021部門,3425,再來還有一個「以功代金，紙錢集中燒」，知道這也是一招對付空污的方式。我們在高雄尤其是偏鄉或是比較鄉下地區，宗教比較盛行的地區，大家有這樣的習慣，就是會燒金紙，拜神明或是祖先等等都有。現在環保局很有心，也是從以前就開始推「以功代金」。但是實際上我問我選區的鄉親，沒有人知道這是什麼東西，然後有什麼福利，「以功代金」是什麼，光名稱他都聽不懂了。請局長簡要的就我剛剛提出的幾個問題，非常簡單的回答就好。,['高雄市政府環境保護局'],0,3,23,23, , , ,1,23,149
2500,2020部門,8360,交通局，在仁武鳥松住宅區的紅線太多了，尤其是大華里、赤山、灣內、登發，太多人來跟我講，你們在他們的門口劃了紅線，以致於他們自己沒有辦法停車。我自己覺得如果附近密集度不高的，你去看高雄市的紅線轉彎處，連我停在重劃區，沒有住人、沒有房子的重劃區，什麼都沒有的地方，也把我的車拖吊了。他們說因為那裡是紅線，你知道那條紅線多長嗎？那條紅線從局長到我這裡，那是原高雄縣時期劃的，那個不應該拿出來檢討嗎？現在我們很有心，為了要拖吊，你去人家的家門口，本來平安無事，密集度又不高，也沒有大樓的一個地方。因為大華里都是原來住在那裡的百姓，你們去劃了那些紅線，如果密集度不高，有必要這樣嗎？然後讓警察都挑近的來拖吊，所以他們常常在家門口被拖，然後就要去繳罰鍰。所以我覺得，對於紅線的部分可能你們也要稍微檢討一下，那是第一個。,['高雄市政府交通局'],0,2,5, , , , ,0,5,334
2157,2020部門,6934,連議員立堅：我聽到的根本不是他的問題，是你們已經拖了十七年，你還搞不清楚到底那個滯洪池你要給什麼量？都市計畫委員會盧委員維屏：不是這樣。連議員立堅：還在討論這個滯洪池的量，人家學者老早就講過這個量16萬立方公尺，結果你們還是沒有在弄，那不是是什麼？都市計畫委員會盧委員維屏：這個公展內容，它裡面有10公頃公設用地，這10公頃公設用地裡面，它是可以設置滯洪池的，這個滯洪池看看它應該設置多少，十年前的學者說16萬，坦白講，我認為10公頃絕對放得下，只有我們現在在說，實際上設置多少那個量總是要計算，不能隨便講，這個要分析它現在的氣候…。連議員立堅：如果照現在水利的算法，現在中華民國規劃的水利標準，雨水下水道是用五年的排洪標準，我告訴你，現在絕對不夠用，是不是這樣？以前給的排水規範，事實上，現在全部不通用，地球暖化之後根本沒辦法防止水災發生，根本來不及排水，我都認為16萬立方公尺太小，你要往大一點去規範，原來已經有這樣子的講法，結果你們現在的思考還是想辦法要讓它再縮小，是不是這樣？都市計畫委員會盧委員維屏：也沒有啦！坦白講，你做一個審議，你本來就要經過計算，科學一點，根據過去的氣象數字、氣候數字，出來的數字，它能夠…。連議員立堅：我很懷疑你們這些專家能夠算出一個精確的數字。都市計畫委員會盧委員維屏：所以我們才說要請水利局幫忙處理，水利局…。連議員立堅：我要提醒你們，這是在十七年延宕的基礎上面在做的事情，不是一個你現在全部重新來的，如果你要做這個工作，你二、三年前就該去找專家做評估了，不是審到一半的時候又來這個問題，沒關係！我講白了，只要將來再發生水災，然後是因為沒有挖滯洪池而造成水災，你絕對跑不掉，我絕對要你負所有責任，再延宕看看。,['高雄市政府水利局'],0,2,2,17, , , ,0,2,143
665,2020新聞,2389,高雄市長韓國瑜今年元月在高市議會臨時會中發出豪語，四月會把賽馬計畫送議會定期大會審議，議員好奇至今沒看到相關提案，高市觀光局昨表示會送，預定本週提出。韓國瑜選後提高雄賽馬政策後引起各界議論，今年元月他在議會臨時會中強調，自己有強大意志力推動，將於四月議會定期大會時，提出相關配套送審。高市議會今年三月間，由邱俊憲、簡煥宗、何權峰、高閔琳、李柏毅等議員，邀請相關局處、學者專家及民間團體，針對賽馬產業可行性召開公聽會，與會人士直言各項政策風險評估、政策規劃均無明顯方向，且違反現行法令，幾乎不具可行性，呼籲高雄市政府要嚴肅、審慎面對。當時也參與公聽會的市議員邱俊憲則說，韓國瑜強調四月要將相關計畫送議會審議，但四月至今都快過了一半，卻沒看到賽馬相關提案送入議會，不會又跟三月阿諾不來一樣跳票了吧？對此，高市觀光局長潘恆旭昨鄭重表示，一定會送，本週就會把相關計畫送進議會審議；承辦單位也證實，相關計畫已大致出爐，近期將送入議會。邱俊憲則指出，該計畫由觀光局主導，如果趕在四月下旬送進議會，可能採由議長交付方式審議；但無論如何，都要面臨動保法、賭博罪等法令限制，難度頗高。,['高雄市政府觀光局'],0,3,26,28, , , ,1,26,127
1996,2020部門,6296,再來，本席要請教社會局有關社會補助部分，包括社團補助和生育補助，本席一直對我們的女性很尊重，即使他打我，我也不敢說什麼，所以在我當鄉民代表時，我就曾建議黃茂生鄉長說，你一定要編列生育補助費，本席爭取了好幾年，還說如果讓我爭取不到的話，絕對不再選第2次的鄉民代表。本席就一直拜託、懇求他，所以黃鄉長也很上道，就編了3，000元，之後換蕭鄉長在任內就編列5，000元。最近本席聽說合併後，我們的生育補助費生第…。主席（蔡副議長昌達）：李局長，你再以書面資料跟曾議員報告。,['高雄市政府社會局'],0,2,6, , , , ,1,6,95
1597,2020市總,5436,本席今天有幾個議題比較嚴肅，請市府團隊要盡力達成艱難的任務。都發局局長，後勁煉油廠今年就要遷移了，煉油廠歷史悠久，從日本時代就有煉油廠了，以前不叫煉油廠，在海軍軍港旁邊補給原料。國民黨政府在民國49年興建這個煉油廠之後，確實對台灣的經濟提升很多，25年前行政院因為煉油廠污染嚴重，承諾今年要把煉油廠遷走，這塊土地也開始要轉型。都發局長，這塊廣大的土地你也很了解，面積354公頃，你有什麼規劃嗎？請回答。主席（蔡副議長昌達）：李局長，請答覆。都市發展局李局長怡德：中油五輕要遷廠這件事情是在今年年底，為了呼應高雄市各界的需要，市政府有提前規劃一個草案研究，當中分成兩大部分，第一個，工廠區的部分有170多公頃，這個部分是有污染的問題。第二個，辦公行政區，目前看起來沒有受到污染，草案當中我們規劃為產業專用區，這個專用區我們希望可以發展一些綠能等比較新的產業。至於受到污染的部分，因為土、水污染很嚴重，我們要求中油先把這塊土地做整治，未來要怎麼使用大家再來討論。所以這個部分我們劃成生態復育和保存專用區，土地一定要整治乾淨，未來才能好好使用。,['高雄市政府都市發展局'],0,3,17,23, , , ,1,17,188
1368,2020市總,4950,翁議員瑞珠我希望程序在跑的時候，可以同步的就讓它同步。不要程序在跑的時候，還要等到下個程序，並且速度快一點，這是大家所期盼的。是不是可以請劉副市長針對這個案子，看要如何幫我們追蹤，讓地方上可以期盼早日完工。請劉副市長答覆。主席（蔡副議長昌達）劉副市長，請答覆。劉副市長世芳翁議員非常瞭解這個進度，就是在行政院的規定裡是要全線報核，然後逐站推動。在4月底的時候，國發會也就是以前的管中閔主委的國發會，已經通過讓岡山火車站這一站可以推動。其實現在面臨比較大的問題就是財務，中央沒有錢，地方的錢也不夠多。所以現在要爭取的部分，因為在這塊會經過內政部營建署的橋頭新市鎮，還有中央在交通部推動軌道捷運建設的時候，他有建設基金，再加上市政府原來的一些建設經費，所以我們現在希望在報院的時候可以爭取到，如果內政部營建署還有我們市政府和交通部可以用三分之一的方式來推動的話，那麼我們負擔的經費比較少；因為根據捷運局的估算，這一站大概是19億不到20億。其他相關的，不管是土地的作業程序或者是環境影響評估或者是都市計畫的變更，在市政府的能力上面都不會有太大的困難。剛剛陳局長所提到若干推動的瓶頸部分，我們會努力來推動，盡量來提早完成；至於未來要推動到，包括湖內是以路竹科學園區為主，我認為最大的困難還是在財務的部分。大家都知道，台北包括新北和桃園在推動捷運時，其實他們60％或70％以上都是用公務的經費，也就都是中央的經費在推動，只有高雄不是。所以這一點我們會透過民意代表，或是我們很多市籍的立委一起來爭取。,['高雄市政府捷運工程局'],0,3,5,17, , , ,1,5,334
38,2021市總,152,王議員耀裕：最後利用2分鐘的時間，把工務局新工處這邊的案件，本席強調的這些道路的拓寬案和開闢案，請工務局這邊儘速來辦理。剛剛講到林園汕尾14之5號道路，這條道路為什麼重要呢？因為這裡剛好是汕尾國小、汕尾漁港，這邊的村落都是3米道路，甚至後面這些住宅區都會淹水，因為這條道路未開闢，淹水嚴重，所以如果藉著14之5號道路可以繞過汕尾國小這邊的話，這樣學校的通學步道也有了，我們這邊也改善了淹水的現象，也讓當地汕尾漁港附近的居民，能夠享受到14之5號這條12米寬的都市計畫道路。還有林園龔厝里這一條，也是本席在之前都已經有提案了，當然目前到營區這邊經費比較龐大，我們可以施作到這裡，讓住戶經由這一條道路的接通可以方便通行，就不用整條道路都施作，因為要2億多元經費，如果到這邊才幾千萬元就可以來解決，所以這裡也請新工處儘速來辦理。再加上拷潭地區大坪頂16號道路，這條道路在上次也有提案過，雖然是四億多元，如果分期、分年度來施作的話，可以把拷潭地區那邊的道路整個來做開闢。最後就是大寮區後庄里民智街，這一條道路經常發生非常嚴重的車禍，這裡接到鳳山的大漢路這邊，這條是12米道路，所以以上這幾條…。主席（許議長崑源）：請工務局長回答。工務局吳局長明昌：謝謝王議員提出對這4條道路的建議，我大概跟王議員報告，汕尾14之5號道路，這個總經費有二億三千六百多萬元，其中土地的補償費就占一億六千萬多元，工程費用是6億7，000萬元，這個再來估計我們的預算，?…。?我知道，改善的理由跟它的效益都沒問題，現在真正的問題還是在我們的財政，我們會儘量在預算內來提報給我們的預算大會，如果能夠審查通過，當然我們就開闢，如果沒辦法我們再跟議員報告，這是汕尾的部分。大坪頂特定區16號道路，總經費要四億多元，我們一樣把它納入預算檢討，如果有錢我們就來施作，如果沒有錢我們就分期處理。至於龔厝里剛剛議員也有建議，是不是先來施作一半，這個總共經費要二億多元，我們再來估算一下它的總經費，包括補償費、地上物的徵收費用到底要多少錢，這個我們來檢討。民智街這部分，它的總經費一億兩千多萬元，洪副市長也很關心，他有實地去看過，他也有指示區公所是不是可以跟現有這些土地所有權人來協調，看可不可以分年、分期，分5年來跟他們做補償，現在在接洽中，它的總經費是一億兩千多萬元，施工費是三千三百多萬元，這些我們現在都在進行，我們也會納入預算來做檢討，以上。,"['高雄市政府工務局', '高雄市政府工務局新建工程處']",0,3,0, , , , ,1,0,333
438,2021市總,1537,這是鳳山區公所前方的待轉區，竟然用噴漆噴成這樣子，這是在大東醫院前方的經武路，這裡有很多人車來往，卻用噴漆噴個待轉區。我想請問處長，這個是局內自己噴漆的嗎？還是民眾噴漆的呢？這是誰噴的？主席（陸代理議長淑美）：這是交通局嗎？鄭議員安秝：噴漆噴成這樣，是誰噴的？主席（陸代理議長淑美）：請交通局張代理局長答復。交通局張代理局長淑娟：這個我可能需要了解一下，如果是交通局的標線不會這樣處理，而且我們不會用黃色的字。鄭議員安秝：對，今天如果是局處裡面噴的沒關係，但是如果是民眾好意的話，可以讓民眾這樣隨意來噴嗎？交通局張代理局長淑娟：這個部分，會後我會去查一下是什麼樣的情況造成這樣的問題，我們會立即做一些改善。〔…。〕主席（陸代理議長淑美）：鄭議員安秝是表達說有很多處都是這種狀況，會後請交通局代理局長回去責成相關單位趕快去現勘以後，馬上做改善。,"['高雄市鳳山區公所', '高雄市政府交通局']",0,3,5, , , , ,1,5,334
2785,2020部門,9663,我嫁來高雄，當然市長比我還早到高雄經營，我相信你來高雄的時候看到的和現在的確不一樣，市容不一樣、經濟狀況不一樣、很多的情形都不一樣，但是空氣也變不一樣了。以我剛嫁過來的情形，我覺得高雄市，以前是PM10很嚴重，後來大家說PM2.5傷害身體更嚴重，後來有一陣子變好了，我也不知道為什麼？但是陸陸續續這一陣子又變不好了，你可以看到一個城市出了問題，重工業的部分突然間變好，後來又變不好。我可以感受得到，現在高雄市被認為是一個每天都在紫爆的區域，其實全台灣都這樣認定了。你說它是一個海洋首都、說它是人權首都、說它是什麼樣的首都都好，但是我們不希望它是空污的首都。市長聽我講過很多環保的議題，我要重申中鋼、台電、台塑等有燃煤的部分都是很嚴重的污染，PM2.5紫爆是所有空氣污染很重要的來源。我們說非核家園，什麼時候高雄市也可以有非煤家園？現在台電機電組換成燃煤，拜託，如果你一定要追求綠能，至少你要用天然氣啊！用什麼煤氣呢？我們有沒有可能將我們的燃煤廠全部除役？然後讓高雄市真正有決心去做，不論你認為空污是從哪裡來的，我們要有動作，高雄市裡面從移動污染源到固定污染源，可以做的都去做，有一個宣示性的作用。市長，你敢說嗎？請回應。主席（康議長裕成）：請市長說明。陳市長菊：剛才提到中鋼、台電、中油等，他們這些燃煤大量污染的工廠，在冬季的時候高雄市政府規定、要求他們要減少三分之一的排放量。未來整個高雄地區，包括全台灣能不能有一個非煤的家園，所有這些生煤燃料廠都能夠除役，這是一個目標，高雄市作一個重工業的城市，這個目標我們一定要去努力，這個部分大家一起來努力。陳議員麗娜：謝謝市長，我期待在中央的高度可以支持高雄這樣做，也期待下一屆的市長可以繼續朝這個目標前進，如果大家要空氣好，燃煤一定是一個很重要污染源。,[],0,3,23, , , , ,1,23,149
517,2021市總,1803,比如說輕軌我們去測噪音，測噪音的目的是什麼？是希望輕軌做了以後要減少民眾的痛苦，比如說一些經過的路線讓民眾覺得每天都是吱吱聲和喇叭聲，那他怎麼會受得了，他當然就會不高興、會反對，可是如果我們在做大眾運輸工具的同時，你說要優化，優化的目的就是要把不好變好，把做不對的改正做得更好，所以不要去誤解，其實國民黨團從來沒有反對輕軌，我們是希望輕軌要做到好，做到民眾都可以接受，不要讓噪音影響到醫院和學校，都能夠讓人家安心上課、安心住在那個地方，這才是我們要做的事情，市長應該對這個不會有太多的誤解吧！現在已經決定要做了，所以很多優化的工作我們還是要持續，有些民眾的反映，我們要聽進去，然後把它變得更好，這才是為政者很重要的想法和觀念，等一下請市長回答。,[],0,2,5,23, , , ,0,5,334
2814,2020部門,9796,李議員柏毅：我本來沒有要問研考會，但是研考會劉主委，你剛剛跟童燕珍議員答詢時有提到你可能會北上。但是這三年來高雄市還沒有完成需要台北行政院甚至更強力的支援，來完成高雄市最遺憾、最沒有辦法達成的建設。劉主委，我請教你，未來四年內高雄市可能會需要這三個工作，是哪三個？主席（蘇議員炎城）：主委，請回答。研究發展考核委員會劉主任委員進興：一個很重要的事情是大林蒲的遷村，這是市長念念不忘的事情；另外一個是要完成整個捷運的路網。其實上次市長報告的時候不只三件，另外一件是亞洲新灣區，這關係到整個高雄百年的發展。還有一件是我們最近提出來的，賴院長在立法院備詢時，同意第二科學園區的建立，這對於高雄整個產業的發展非常重要。最後一個也很重要是鐵路地下化建立的廊帶，市長一直希望能夠趕快看見。李議員柏毅：謝謝主委，我表列了六樣你講了四樣，還有兩樣我沒有講到的，我在這邊再提醒你，因為未來台北中央的整個行政，當然他們一定會很重視高雄，但是對於高雄細部的、高雄真正需要的東西，劉主委，你在這邊三年應該非常清楚。你剛講到橋頭南部第二科學園區，它就是我們的命脈，我們沒有這個產業的話，高雄市怎樣發展都是非常遺憾的。第二個，你剛提到的黃線這是捷運的路網，還有大林蒲的遷村，從過去謝長廷院長的時代，從市長到院長，他完成了紅毛港的遷村。這一次高雄非常期待，可能完成非常多的工作，包括你剛剛提到的橋頭第二科學園區、捷運的路網和大林蒲遷村。其實我還列了中油，我也看到了中油的戴謙董事長說已經開始規劃整個中油公司遷到南部，是總公司真正的南移，而不是只有戶籍的南遷。另外，我還是要為我們的選區來爭取一條道路，對於高雄南北向的車子塞得非常嚴重的問題，我們需要一條濱海公路，以疏解民族路和高速公路的車潮，也就是新台17線，目前還跟國防部這邊有點卡關。第三個就是馬英九政府喊了八年，但是沒有看到影子的國道7號，也是對於高雄整個產業的銜接非常重要。希望有機會請劉主委一定要記得整個高雄的發展，尤其是這幾個建設。研究發展考核委員會劉主任委員進興：其實這幾個問題比較適合問市長。李議員柏毅：劉主委請坐，有機會我一定會問市長。,['高雄市政府研究發展考核委員會'],0,3,5,17,19, , ,1,5,334
659,2020新聞,2351,高雄市議會昨天總質詢火氣很大，針對議員黃文益質疑大順路工程品質及未做整體規劃，副市長李四川動怒，回嗆：「我從來沒看過高雄市有這樣的議員！」對此，工務局解釋工程是按照計畫，最晚今年八月會完成全部工程。民進黨議員黃文益昨質詢時指出，自立陸橋平面道於三月二十二日通車，現在還有縫隙，大順陸橋平面道四月八日通車，到現在一樣有縫隙，快慢車道有落差，他質疑市府的工程品質是這樣嗎？李四川回答說，他在大順陸橋通車典禮上說得很清楚，大順陸橋先讓慢車道通車，通車典禮後再讓快車道通車，同時封閉慢車道施工，每一步驟都按照計畫，目前還在進行旁邊排水改善工程。黃文益不滿地說，工程不應拖到現在還在施工，應該一次性整體規劃。李四川也回嗆說，我就是整體規劃，等排水溝完成後，一次鋪平，雙方開始唇槍舌劍。工務局：最晚8月全部完工對於拆除後的大順路，為何快慢車的路面出現約三十公分落差？工務局解釋是因為要先通車，後續還有人行道及側溝工程要進行，等完工後會一起填平，目前在快慢車道間以護欄隔開，全部工程預計最晚今年八月前完成。,['高雄市政府工務局'],0,1,0,28, , , ,0,0,333
2955,2020部門,10303,最後文化局講三件事情，岡山的眷村保存與活化，前兩天也是跟文化部還有立委一起來看過，過去我也一直批評高雄市政府從來不重視岡山的眷村，以前都只重視鳳山跟左營等兩區，建業還有黃埔新村，從來不重視岡山的空軍眷舍。所以我一直講，講到最後才看到文化局有動作，然後才開始跟文化部提計畫。所以在這邊我看到…。高議員閔琳：現在最新的進度是我們有幾間已經開始做維管了，可是我們還是要找一個重點，就是這些維管的錢那麼少，修一修已經沒有剩什麼錢可以做了。所以我們當天的會議結論是，希望可以針對樂群的眷舍，能夠優先做觀光的亮點來做活化，這第一點。,['高雄市政府文化局'],0,3,1, , , , ,1,1,91
1161,2020市總,4507,周議員有很多進步的觀念，還有很多對高雄市政府的期待。當然在整個行政組織來講，他在一個變動改革的過程，有些時候，速度我認為我們也不滿意，不過我會認為觀念是一直要突破，只要在法律上依法。有些時候我們現在的若干法律也很陳舊，有很多法律都三、四十年未曾修改等等，所以我會覺得我們認真、專業，還有尋求改革的公務人員，只要在這個部分，法律上的解釋，法制局可以協助，我是認為可以突破。那譬如說，我想周議員特別提到公園，如果今天有若干在高雄市政府的品牌，願意認養高雄市的公園公共使用的空間，那就我來講，我非常不贊成。譬如因為我曾經在新加坡，看到新加坡的動物園，那應該是復興航空公司它有一個軌道在動物園裡面，這個軌道是復興航空提供，他們全部都是用紫色，用紫色的這樣，他們很明顯一看，就知道這是一個復興航空公司。周議員玲奴：很漂亮啊！陳市長菊：我今天也希望我們的養工處趙處長，趙處長非常專業、年輕，我認為可以突破。這樣的一個突破，譬如像我們的城市光廊，我們也會認為都可以。如果說對於我們的未來高雄市各種的進步有關，那有很多民間的團體願意參與，這個團體有一些是有當然要推銷它的品牌，這個部分我覺得我們是應該好好的考慮，同時也應該要立即去做，至少我會覺得，大概如果說，他們對於他們品牌的行銷是要多大，至少我在當時看到，那是非常大，很大。周議員玲奴：很大啊！其實他們要來，就是很大。陳市長菊：當然要大，那當然跟美感也要有關係，不能說毫無美感，這樣我們也不會同意，所以這個部分是應該要討論。那當然周議員提了很多很多對於高雄市未來的突破，我們相關的局處也很簡短，他們也會來跟周議員等一下答覆。,"['高雄市政府工務局養護工程處', '高雄市政府法制局']",0,3,0, , , , ,1,0,333
709,2020新聞,2617,駐日處：絕無外傳「順便來吃」情形由立法院長蘇嘉全率領的國會訪日團，前日接受日本關東僑團於東京威士汀飯店設宴款待，傳出有非訪團成員的立委攜家帶眷出席，引發爭議。駐日代表處昨澄清，立委都是正式受邀才會出席，絕無外傳「順便來吃」的情形。趙天麟：是受邀參加民進黨立委趙天麟也強調，他因帶家人赴日，故全程自費，僑宴是受邀參加，且行前已確認，沒有「臨時」或「順便」出席的情形。訪日團成員、立委姚文智說，「這是一場誤會」，趙的家人是自費，而且也在中華聯合總會邀宴名單內，「沒有任何問題」。晚宴成員都是獲正式邀請，說立委家屬來白吃的，「實在太失禮了」。外交部：有建議僑團邀請出席僑委會表示，僑界聯合宴請國內訪問團，共敘鄉誼，為行之有年的慣例。外交部也表示，確實有建議主辦單位邀請趙天麟參與僑宴，加強立委與僑團的聯繫與互動。蘇嘉全率朝野立委訪日，包括民、國、親及時力四黨團總召與立委等共廿一人。其中公費名額為十四名，其他如民進黨立委徐國勇、姚文智與莊瑞雄等均自費前往。但由於現正值立院休會與暑假，除訪問團正式成員外，尚有部分立委及新北、高雄市議員自費赴日，一同參與公開拜會行程。趙天麟說，他因攜帶家人並有個人行程，故不參加立院公費團，而參與全程自費的高雄團。他行前即與駐處再三確認出席名單，沒有「臨時」或「順便」參加的情形。據了解，此次僑宴名單，在七月中旬就已洽詢相關單位，並非臨時參加。駐日代表處並發表聲明指出，包括立委、議員或眷屬等，均在主辦僑團邀請名單內，都是正式受邀出席，絕無所謂「不是訪團成員，只是恰好來日本，所以順便來吃」。立委強調私人行程、家屬都是自費主辦單位代表、日本中華聯合總會會長毛友次表示，關東僑團獲悉國會等國內訪團消息後，即表示願意聯合舉辦餐會歡迎，以盡地主之誼。此外，許多立委此次自費安排配偶、家人隨行，或待公務行程結束後，自行規劃私人行程，也引發議論。包括蘇嘉全將自行前往北海道，立院副院長蔡其昌、立委柯建銘、趙天麟、邱志偉等，都有家屬或助理隨行。相關立委昨均強調，私人行程、隨行人員等都是自費，並無公私不分。蔡其昌強調，家人的行程與立院毫無關係，都是自己訂房、訂機位，也沒出席任何活動。邱志偉表示，他太太利用暑期返回日本娘家探親，且在訪日團停留東京期間，自願擔任「翻譯志工」，全力協助台灣擴展國會外交。,[],4,3,15, , , , ,1,15,39
1771,2020市總,5837,剛才問到一半，關於青年就業問題，講到這些職缺，高雄市社會局藉由勞務採購的方式，顯示我們市政府社會局已經造成不安定就業和低薪的所得帶動者，這個我們上次有講到，社會局長在小組有回答過，剛才因為時間的問題，因為你的回答，所以有人到我的服務處來檢舉說，在你們局本部裡面有人故意不工作，等到要加班的時間才開始做這些工作，其實他的底薪本來就已經有三萬多元，如果他又加薪，變成四萬多元，故意把工作延宕。剛剛局長說社會局有很多不穩定狀態，所以你們和各局處比較起來，你們加班的時數是很容易加的，這個部分請社會局長回答，為什麼會造成這樣的狀況？會後去查到底現在是不是你們社會局有這樣的氛圍？所以才會產生八千多個時數的加班數據，社會局長回答。主席（蔡副議長昌達）：請局長答復。社會局姚局長雨靜：社會局的加班狀況的確是很高，這個我們也是不樂見的，但是我們所有相關的規定，都是按照行政院人事行政總處加班及加班費支給要點的方式來運作，依照加班費或者是補休的方式。我剛才特別問人事室主任，有沒有同仁可以另外在加班費多了一萬多元，就我們內部的資料來看是沒有這樣子的數據，但是你說社會局的同仁會白天不上班只為了等加班費，所以下班之後才來報加班費，這個狀況，就我們平常實務面來看，這個和我的理解落差滿大的。但是如果議員手上有很明確的證據，哪一個同仁有這樣子的狀況，我們當然可以直接來查，但是我們絕大多數的同仁，誰不希望早點下班回去和家人相聚，如果那個案例有很明確的資料，我們一定會嚴正調查，我們目前的狀況，業務真的是增加到我們加班都是不得已的。李議員眉蓁：謝謝局長，我們不能否認社會局同仁的辛苦，尤其在這個局處，上次就是你回答，有民眾看到電視，然後來我的服務處檢舉，所以這個部分他指定是局本部的人。社會局姚局長雨靜：沒關係，資料給我們，我們可以回去查。李議員眉蓁：局本部的人上班隨便做做，不去勘查，等到加班時間，因為必須要加班就可以加薪，這個部分可能是我們社會局要檢討，希望局長去查一下這個事情。,['高雄市政府社會局'],0,3,10, , , , ,1,10,135
738,2020新聞,2809,高雄鐵路地下化後可釋出七十一公頃鐵軌、鐵路設施的園道土地，外傳可能闢為公車專用道，立委李昆澤昨邀交通部、市府開說明會，強調不會當作公車專用道，他要求無縫接軌進行，打造世界級的綠色廊帶、自行車道及水廊系統，並成為富生命力的都市軸線。高雄鐵路地下化預定於一○六年底完工，完工後釋出的土地利用是市民關心的議題，李昆澤昨邀集交通部次長范植谷、鐵路改建工程局長胡湘麟、台灣鐵路管理局長周永暉、高市府秘書長楊明州等開規劃說明會。規劃綠廊、水廊、自行車道高雄鐵路地下化完工後沿線十五．三七公里將釋出七十七．二九公頃的園道土地，市府預定規劃綠色廊帶、自行車道及水廊系統，串聯沿線周遭洲仔濕地公園、蓮池潭、中都濕地公園等沿線廿四個綠地系統。另設置寬度二．五公尺以上的專用自行車道，與現有自行車路網串聯；水廊系統從蓮池潭規劃到愛河，引曹公新圳水系活水，並串聯內惟埤濕地及活化鼓山運河。李昆澤要求台鐵局與市府積極研商廊帶土地取得、使用等問題，建議由台鐵局提供土地，園道設計由市府規劃、施工及管理維護。他也請市府與地方溝通，舉辦說明會，讓居民參與未來高雄城市風貌的形塑。范植谷肯定市府所做的世界級廊帶規劃，未來會透過與市府間的溝通平台，積極研商後續相關規劃細節。楊明州表示，未來鐵路軌道轉變為綠色廊道、自行車道及水廊系統，有關沿線部分房屋門面整建等，都發局正進行規劃評估，盼透過完整都市更新的通盤考量，引進更多商機。,['高雄市政府都市發展局'],0,3,5,5, , , ,1,5,334
1481,2020市總,5182,我想還沒有談這個地區之前，先談楠梓區公所前面的楠梓新路，楠梓新路有三大議題請市長要求相關單位來處理。第一個，楠梓新路153號在數十年前蓋了一棟房屋有留一條通道，這條通道現在不認定為巷道，但是至少是通道，因為是法定空地，有做防火間隔、防火空間及後面通道和水溝。99年在市民有約就陳情市長，100年會勘時不理想造成現在還有爭議，當然私人的私權一定要保障，但是大眾通行的公益也不能忽視，公跟私之間一定要好好的處理。民眾陳情後，市政府有去會勘，但是我個人覺得會勘有可能通知的單位跟人員不夠周全，雖然有結論但是地主反彈，我們尊重地主為了自己的權益提出訴願，市政府不幸兩次敗訴，敗訴後請工務局退回重新研議，因為100年8月的決議是有侵犯私權的，但是地主突然圍起道路影響通行，造成百姓陳情抗議，法制局訴願委員會的決議是供特定對象通行，但是所有的鄉親都反彈只供特定對象通行。所以我在此建議市長為了公私之間有更公平、更好更適當的處理，應該重新把所有人找來，請相關單位辦一場大會勘，認定通道是不是供特定對象通行或是還有其他非特定對象，這才能解決這個問題，請工務局答覆主席（許議長崑源）：局長，請答覆。工務局鐘代理局長萬順：可以辦理會勘。周議員鍾?：辦理會勘邀集相關單位包括地主，因為我們尊重地主的私權有使用權，但是他一定要符合所有行政規定包括建管法規，所以我在此誠摯的建議、善意的建議，邀集相關單位包括地主、建管處、養工處，相關的里長、區公所經建課等，跟當地百姓來認定是否供特定對象通行，還是有包括非特定對象的人士通行，這才能解決這個問題，不然這個問題永遠在爭執，實在是很麻煩。局長，你什麼時候要邀集相關單位？工務局鐘代理局長萬順：我們會後就辦理。周議員鍾?：就一個禮拜左右。〔好。〕謝謝局長。第二個問題、楠梓新路243巷，也就是我等一下要講的其他建議事項的第一項，楠梓新路243巷的四米計畫巷道一定要早日開闢，請市政府安排會勘。第三個問題是261巷因楠梓新路區公所前面道路鋪設柏油，但是施作完工後柏油鋪設路面較高與水利局原有側溝交界有落差，造成路面高程不平的問題，所以要請水利局至現場會勘，我等一下一併建議。,"['高雄市楠梓區公所', '高雄市政府工務局', '高雄市政府工務局養護工程處', '高雄市政府法制局', '高雄市政府水利局']",0,3,0, , , , ,1,0,333
1585,2020市總,5418,李喬如是中山大學的碩士，有修學分的，李喬如的問政服務絕不可以讓全國的「中山人」、教授和學長、學弟們漏氣！市長也是「中山人」。所以接著李喬如要在第四年最後的總質詢中向人民報告，我在這幾年來為高雄市旗鼓鹽市民們做了多少的貢獻和建樹。大家看到這張照片的左邊，這是市長在李喬如競選總部的成立大會中，公開承認大公陸橋拆除還權於民之後的現況，解除了鼓山區、鹽埕區通行人的壓迫感；這裡是台鐵臨港西線，李喬如爭取、市長同意、都發局規劃設置的人行車道和人行步道的綠廊，非常的美麗。大公陸橋拆除後，當時李喬如在市長任內在議事廳的總質詢時，請求陳菊市長：大公陸橋、公園陸橋、青海橋應該除役。因為這三座橋在國民黨施政時代，是一個不合法的橋道，現在為了鐵道，所以架設在那裡以利行車人員的通行。但是，在陳菊市長主政、李喬如議員任內建議，市長也體恤民意並還民公道，將公園陸橋和大公陸橋拆除了。在拆除後，謝謝市長，市政府團隊把這裡建設得非常漂亮，而都發局這裡規劃建設的，和駁二的人行步道、駁二藝術館以及鐵道文物館的綠廊就在我的左方；還有喬如所提出的，整合在這個地帶，也不禁的要讚嘆高雄市市長是多麼的有魄力！李喬如爭取的建設是對的，並對歷史做了交代。,['高雄市政府都市發展局'],0,5,17,0, , , ,2,17,188
257,2021市總,902,再來就是R18油廠站的機車停車位問題，本席在部門質詢有說過一次，交通局給我的資料，好像是股長打電話到我的服務處，他跟我說了之後，我不知道要怎麼回答。你看停車的狀況是這樣，本席建議的是圍牆外這塊地，在剛才停車的對面，剛才我講的是對面這裡，很多車都停在這裡，這裡可以設置機車停車格，這樣才不會讓那些機車沒有地方可停車。我在部門質詢時，建議左楠路與後昌路西南側宏南宿舍圍牆外增設機車停車位，但是交通局的回復是答非所問，他打電話跟我說，經向停車工程科反映，此處增設並無益處，他還沒有設計就跟我說增設並無益處，他真的很厲害，還沒有會勘也沒有做其他評估，就來電回復說增設並無益處，還說如果我要會勘，叫我要發文去交通局，這到底是什麼情形？局長請答復。主席（陸副議長淑美）：請交通局長答復。交通局鄭局長永祥：謝謝陳議員對於捷運站外面停車的問題關心，如果議員有會勘的需求，我們也覺得事實上有必要，我們就應該來辦理會勘。基層同仁對於口語表達上太過直接，後續的教育訓練，我們再來強化。如果有公文，後續一些行政處理上，比較可以讓議員有所追蹤，我們會要求基層同仁在表達上應該要更妥適一點。陳議員善慧：同樣都是部門質詢的東西，例如號誌部分，他過沒多久就打電話說，本席質詢的那個地方要去會勘。這個竟然還沒會勘就跟我說增設並無益處，還跟我說如果我要會勘，叫我自己行文給交通局，這樣算是兩樣情，一樣是交通局，裡面的人員兩極化。包括公車處也是很好，主委說要增設公車亭，主委會勘後，他們要怎麼做會跟里長、市民解釋，如此對市府的形象更好。還好這是跟本席說，若是跟市民說，你看他們會怎麼想。局長，內部的人應該要多注意一下，包括水利局內部、經發局內部、各局處該要注意的人要注意一下，不要一個好好的團隊就這樣被搞壞了，這是本席的建議。針對這個問題，局長，你處理一下，儘速看是要會勘還是如何。,"['高雄市政府交通局', '高雄市公共汽車管理處', '高雄市政府水利局', '高雄市政府經濟發展局']",0,3,5, , , , ,1,5,334
2115,2020部門,6793,接下來請教高雄銀行董事長，對於本席和很多議員所關心的問題，有關你們總經理要外求人才，是不是可以考量用內升的方式，提高高雄銀行所有員工的精神和工作的能量。主席（郭議員建盟）：請蔡董事長答覆。高雄銀行蔡董事長憲宗：關於高雄銀行原任總經理屆齡退休案，因為要聘任新的總經理，上個星期四董事會有討論這個案子，董事會並不是不贊成，是說請新任的總經理來向大家報告，如果他有機會上任的話，他的工作抱負是什麼？這個案子董事會短期內會再來討論，在董事會決議之前，為了避免影響公司治理的形象，是不是容我會後再向童議員詳細報告？這個案子上午李局長也有向連議員做過報告了。〔…。〕是。,['高雄銀行'],0,3,10, , , , ,1,10,135
140,2021市總,516,陳議員麗珍：好。再來是左營、楠梓，左營區蓮池潭也是高雄市的門面，從高鐵一下車就會看到左營蓮池潭，最近結合左營旁邊的鐵路地下化以後，整個公園園區結合起來，蓮池潭算是整個高雄市觀光最好發展的一個產業，也是最漂亮的。蓮池潭可以結合眷村、廟宇、古蹟，全部把它結合起來，還有旁邊的半屏山。所以在這裡我也跟市長建議，蓮池潭有這麼好的資源條件，我們應該要好好的把它推動出來做個觀光產業，比如說我們可以把它增加一些美食街，或是蓮池潭晚上的夜間照明燈這麼暗，等於說晚上有這麼漂亮美景的蓮池潭沒有辦法去那邊遊玩。所以第一、我們能夠先改善的是，夜間照明先把它做改善，未來市政府可以有一個跨局處的小組，怎麼樣來針對蓮池潭這麼好資源的觀光產業？現在很多人都進來高雄市，對我們的經濟都有幫助的。還有孔廟，孔廟那邊我也希望文化局去看一看，目前的攤位真的跟孔廟的一個歷史建築文物博物館完全是不搭的，我因為時間的關係，改天我們再找個時間來會勘，所以在蓮池潭部分，這是我每次都會講到的，市長也可以重視一下。,['高雄市政府文化局'],0,3,26, , , , ,1,26,127
3,2021市總,15,韓市長國瑜：謝謝郭議員建盟，聽君一席質詢勝讀三年書，這是我所聽過最好的質詢之一，真的是有用心，我們所有的團隊都感覺收穫很大，而且對高雄市真的會有好的，實在是了不起的一場質詢，只是說聽完以後唯一的缺點，心頭壓力很大，好像每一件事情都讓我們覺得心中有千斤萬擔，可是要解決它。我想第一個，營養午餐。我已經交代，我會用突襲式的，我本人去吃，而儘可能在11點半到11點40分，萬一食物中毒就讓我市長中毒就好，我已經交代，而且不可以通知，突襲式的，這代表我們市政府完全重視我們高雄市孩子吃的營養、吃的安全，我已經交代，好不好？我一定會去做，因為我也非常重視。,[],0,4,22, , , , ,2,16,129
1562,2020市總,5366,接著這個部分是比較頭痛的，在鐵路地下化之後，當然我們是希望打通東西向，但是在曾子路這裡是不通的。我剛才就是要問局長，將來在地下化之後，地上就是平面的，曾子路有可能通到翠華路嗎？請教工務局，可能從曾子路打通過去嗎？因為交通局講的是全面地下化，不會在路面了，曾子路有可能打通到翠華路嗎？可能嗎？請工務局答覆。主席（許議長崑源）：請答覆。工務局鐘代理局長萬順：這要看都市計畫裡面曾子路有沒有銜接到翠華路，要看道路的用地。陳議員玫娟：好，這是我提出來的願景，你們研議看看有沒有什麼窒礙難行的地方，這個地方可不可能就這樣過去。因為目前東西向就是完全靠崇德路和華榮路兩條路，包括大中陸橋，有時候上大中陸橋很容易塞車，這個案子希望你回去研議，如果我順利連任的話，我還會再跟你就教這個問題。,"['高雄市政府工務局', '高雄市政府交通局']",0,3,0, , , , ,1,0,333
2632,2020部門,8927,第二個問題就是，這次很多學校都來求助我們，學校裡面的樹很多都是百年老樹或是好幾十年的樹。樹倒了，學校的學生包括老師都沒有那個力氣，要他們整理那個大環境實在是有難度。所以在這邊建議市長，上個會期好像在教育部門質詢跟局長建議過，是不是應該在學校這個部分，教育回歸教育，讓學校專業的教學、安心的來受教。譬如說大榕樹是不是要有一筆專用的經費來好好的修繕，因為有時候學校說根本都不足、不夠。所以他們沒有辦法就來找我們幫忙尋找資源。這次颱風又倒了那麼多的樹，很多的大榕樹、大樹都倒了，學生怎麼清除這個環境，養工處說那是教育局的範圍他們不方便做，教育局說我們也沒有這麼多經費，所以就凸顯出來公部門是不是應該要擔起這樣的一個責任，該誰負責就誰負責，如果沒辦法是不是部門也應該要來協助一下，畢竟這都是高雄市民。市長，是不是請你關注一下這個議題，學校的部分成立一個專案的經費，專款來給學校未來為了整個環境修復，颱風來之前整個環境的整理，能夠讓學校不要為了經費的負擔求助無門。不然風災來的時候倒了那麼多的樹，讓這些學生、老師都苦不堪言。我想這個部分，市長是不是要有一個配套出來，市長，你覺得呢？主席（康議長裕成）：請市長回答。陳市長菊：這一次的颱風是強烈颱風，風力之大是我剛剛強調41年來在賽洛瑪颱風之後最大的，高雄市碰到這麼大的颱風，這41年來第二次。所以這並不是經常性，教育局對每一個學校都有開口契約的廠商，這一次我跟范局長到很多學校去巡視，有很多的校長在這個部分尋求軍方、學校的志工等等，還有很多老師都一起協助。我覺得教育局開口契約的廠商，或者軍方國軍弟兄的協助等等，這個是高雄市所有災害災後重建之中很重要的一部分。將來每一次颱風來臨之前，我們都要求教育局、學校有那些老樹必須要檢修。過去我們的檢修也有若干的團體反對說我們把樹剪的好像很醜又不好看。我會希望將來所有的養工單位或學校在這個部分如果有人批評我們就來說明，沒有什麼比安全更重要。當然陳議員非常的關心，將來我們也希望整個教育單位，護樹、保護老樹或者因為颱風的準備等等，教育局范局長如果提出應該用什麼樣的方式跟校長溝通，怎麼樣做最有效的防備，我們都願意配合。陳議員玫娟：我現在重點在於說，不是常態性的一個經費，是一個急難時間性的救助金，就是一個補助金之類的，我是希望朝這樣的方向。這一次的颱風有2個國小、1個國中來拜託我說，已經都跟軍方協調好了，後來又說不去了。就是說全部委託教育局來處理，結果教育局還要申請還要排還要很多時間，已經面臨開學，學生家長一直抱怨，所以這一點請教育局這邊多多的幫忙，市長這邊也應該好好支持這個經費。,"['高雄市政府教育局', '高雄市政府工務局養護工程處']",0,2,16, , , , ,0,16,129
1709,2020市總,5688,"另外，談一下最近我在基層服務的感想，尤其田寮真的很可憐，年輕人都外出打拚，留在田寮的都是年長者，不只是田寮附近，阿蓮也大多只剩年長者，都七、八十歲、六十五歲以上的人。但是田寮是一個比較特殊的地方，就只有一間衛生所，沒有藥局、沒有醫院，不要求大間的醫院，但連診所都沒有，就只有一間田寮衛生所。所以有一些老人要看病，大部分都在衛生所拿慢性病的藥，但是如果有比較重的病，像是大醫院開過刀，在那邊有病例必須要來義大、長庚、高醫、榮總等等，要坐車真的很不方便，除非要給年輕人載，不然如果去坐車，有些人可能連公車都不會坐，或是公車還要一直轉車，從岡山轉到義大…等，不是只有田寮而已，在鄉下有很多鄉鎮都是這樣，包括阿蓮、路竹、茄萣、燕巢等其他區都是相同狀況。所以我覺得市府如果可以規劃兩、三區，像是田寮跟阿蓮規劃一個免費的醫療接駁車，一天固定幾個時間及定點，例如固定在田寮幾個地方載到阿蓮，再接幾個乘客，然後載到義大、長庚、高醫這三個人比較多的地方，如果是路竹、湖內、茄萣的也規劃一台車，這樣可以減輕這些老人要看病的煩惱，如果老人還要擔心隔天要去哪裡檢查、拿藥，可能一整晚都睡不著。要是可以做到這樣，也算是政府的美德一件，當然這還需要一條經費，但我希望市政府、衛生局及有關單位可以想辦法解決，最起碼偏遠的地方，如田寮、阿蓮來規劃一部車，一部車一年可能不用編多少經費，應該這種車現在都有人在贊助、捐贈，如果有人捐贈就請個司機、花點錢保養，應該可以提高這些住在偏僻地區老人的就醫便利性，不要讓他們為了要坐車，還要拜託在外打拚的年輕人，讓年輕人也擔心長輩住在鄉下就醫的問題。如果能這麼做是很好的美德，看有沒有辦法針對這方面規劃一下，不要只有田寮、阿蓮，高雄比較偏僻的區域都應考量。台北市據我所知，統計起來62個人就有一個醫生，但是田寮7,000多人只有一個醫生，我覺得真的很不公平，所以像田寮、阿蓮這些比較偏僻的區域，能不能編一條經費做我剛剛所提的工作，請衛生局長或是什麼單位來回復一下。主席（康議長裕成）：請衛生局長說明。衛生局何局長啟功：如果是交通的問題，我們再跟交通局一起來了解，討論要如何來改進。另外衛生所的部分如果醫生不夠，看能不能與其他醫院合作，儘量巡迴醫療再加強一點。張議員文瑞：抱歉，局長我的意思是…。衛生局何局長啟功：所以主要是交通的問題嘛。〔…。〕我再跟交通局長一起來了解。","['高雄市政府衛生局', '高雄市政府交通局']",0,3,22, , , , ,1,22,108
598,2021市總,2087,再來，本席要替我們燕巢人再發一次聲明，這一次三民區的議員，我看他們絕大多數幾乎每個議員都有提到三民區的屠宰場要遷移到燕巢這一案，本席也要替我們當地的居民發聲，我們燕巢有這麼好的地理環境，先不要管未來的開發，目前它就是有非常優質的農地，市府站在保護優良農地的立場，是不是一定要遷到燕巢？而我們燕巢居民是誓死反對，我在這邊先向市長報告一下，希望市長能夠好好的溝通，屠宰場是不是還有機會能夠遷移到別的地方、遷移到更適合的地方。只要我就任市議員的一天、我身為燕巢的議員，我一定要為燕巢發聲，所以對燕巢來說，任何公共建設的遷移，我希望它是一個很長遠的計畫，我不希望它遷移到一個地方，20、30年之後又要遷移到別的地方，為什麼不一次到位就好，就一次把它遷移到適合的地方！在這裡，我要替我們燕巢的鳳雄里還有整個燕巢區的區民拜託市長、拜託市府團隊，對於這個部分一定要想辦法協助居民溝通，因為上次最後一次討論，我想就教一下農業局局長，最後一次討論，上次對燕巢居民的承諾，你的承諾最後講的是什麼？主席（曾議長麗燕）：王局長，請答復。農業局王代理局長正一：在上一次提到肉品市場，講的是在8月底會有一個決定。黃議員秋?：8月底有一個決定？農業局王代理局長正一：在今年6月會期的那個時候。黃議員秋?：是說要召開公聽會，如果沒有取得地方居民的同意，我們8月底之前就不會再談這個案子。農業局王代理局長正一：因為地區農會還沒有進行公聽會。黃議員秋?：對，本席要在這裡提醒你，我們上次的決議是這樣，很多市民朋友都在關心，他們都在提醒本席一定要向市長提到這件事情，我拜託，我們就要照著我們上次講的結論下去執行。謝謝局長。,['高雄市政府農業局'],0,2,20, , , , ,0,20,99
2278,2020部門,7350,再來請教衛生局長，最近最夯的就是H7N9的疫情，我知道到昨天為止，看報紙大陸已經有31例確診，9個死亡，台灣到昨天為止，有41例排除，有5例待驗。尤其是現在中國大陸跟台灣交流非常的頻繁，請問局長，我們現在防疫監控的情形如何？可不可以請局長答覆一下？主席（林議員武忠）：局長，請答覆。衛生局何局長啟功：剛剛曾議員所報告的數字其實沒有錯，不過確診的案例在大陸是33，早上再增加二個，9例死亡。台灣是有46例的通報，41例排除，還有5例待驗，我們高雄市有4例，昨天最後一例在榮總也排除，所以我們目前是沒有。基本上會到我們高雄市被通報出來的，都是去旅遊有在大陸或江蘇的旅遊史；至於有沒有禽鳥接觸？倒不一定，另外第一位是江蘇的遊客來這邊剛好發燒的，所以大概是這樣的一個情形。目前整個的狀況看起來是對禽鳥是低致病性、低毒性。但是低毒性的意思是?、鴨沒生病活跳跳的時候，反而病毒容易到處亂跑，但是人接觸到的時候，產生的症狀比較明顯、比較強，所以目前看起來是沒有人傳給人的現象，但是再接下來的變化會不會有這個可能性？會不會先傳給豬，豬又容易傳到人？這個都要觀察，所以目前來講大陸長江沿岸的所有?、鴨，包括禽鳥都有感染，鴿子、鵪鶉都有，所以到大陸去一定要小心，不要去接觸這一些禽鳥。在台灣經過的一些候鳥會不會有這樣的機會？所以我也在這邊特別講，你如果到野外去，不明的一些野鳥或者是禽類，甚至有狀況不對的更不要去靠近。基本上，大家還是維持正常的生活，也不用怕?鴨魚肉不能吃，事實上目前都是很正常。曾議員俊傑：現在都還在監控當中嗎？衛生局何局長啟功：基本上農委會會對所有的禽鳥做監控，我們台灣過去98、100年是有一些禽鳥有發現H7N9，但是都是低毒性的，那時候可能人沒接觸或有接觸也沒有那麼高的致病性，現在接下來是對於旅客的監控，是衛生署跟相關衛生單位監控的部分，剛剛講的46例都是這樣監控出來的，所以在整個包括防疫準備、物資、藥物，還有醫院的隔離設施其實都已經準備好了。,['高雄市政府衛生局'],0,3,22, , , , ,1,22,108
2620,2020部門,8871,主席（林議員武忠）：主任，請答復。研究發展考核委員會聯合服務中心何主任宜綸：針對1999受理的話務，先前林議員打電話到我們這邊的時候，是有跟林議員報告過，因為1999的話務人員每一個都是坐在辦公室裡的一個接線的同仁，在受理民眾的陳情之後，尤其是檢舉的案件，假如不是沒有具名的話，按照所有的法規規定，我們都必須錄案，錄案之後我們再交給主管機關去現場查證，再給一些比較適當的處理，這個大概是我們一個標準的流程。林議員所說的這個案，我瞭解狀況，的確他看起來是一個整齊的夜市攤販，那實在是行政機關沒有必要一再的去打擾，但是這個的確是一個主管機關應該要去執行的權責，那對於話務人員事前就要去過濾，這個可能會讓我們的話務人員在執行上的時候會有一定的困難，而且我們也會違反相關的規定。〔…。〕對，〔…。〕是，〔…。〕對於主管機關我們在相關的法規都有一定的規定，就是行政程序法173條或是人民陳情案件處理要點都有相關規定，對於一再陳情或是檢舉的個案，主管機關都有權責可以告訴他說：這個是重複檢舉的案件，我們不再受理，但是這個必須由主管機關去查證之後再來做這樣的動作會比較適法一點。〔…。〕這樣的個案我們會分給第一個是經發局，對於議會的這個承諾其實是經發局在做輔導；再來的話，我們會分案給警察局，警察局是可以跟經發局做一定程度的合作，對於這樣一個還正在輔導中的案件，我們怎麼樣兩邊可以互相合作，不要造成互相的影響，這個是可以討論的，〔…。〕是，〔…。〕我是不是也一樣，就是我這邊來跟經發局還有跟警察局，我們來做一個溝通，這個最後的權責還必須由這兩個機關按照他們相關的法規來處理會比較適當一點。〔…。〕是，〔…。〕對，這個部分，我們儘量來做一點協助，〔…。〕好，謝謝林議員，謝謝。,"['高雄市政府警察局', '高雄市政府經濟發展局']",0,3,27,29, , , ,1,27,39
2730,2020部門,9384,李議員柏毅：主席，因為現在是水銀燈，怕等一下全部關掉會打不開，所以我把我投影布幕的部分關掉，關掉的目的是要讓今天教育部門的同仁可以看一下即將在高雄市舉辦的一場活動，這一場活動是7月29日的時候會在義大世界來舉辦。為什麼會在義大世界？也經過我們文化局很多同仁的意見，覺得在私人的場域會比較便利一點。這個活動目前在全世界是最有品牌的電音嘉年華，它在比利時博姆的一個小城鎮，整個城鎮大概是三天三夜都在辦這個活動，歐洲各地的人，全世界各地的人也都會飛到這裡去，今年度台灣是其中一個點，另外還有以色列、南韓、杜拜、德國、黎巴嫩、西班牙、比利時等其他7個地方舉辦這個活動。我想就今天台灣的這個活動，先給大家看他們今年介紹的影片。這個是比利時國家交響樂團在2015年的時候，為這個活動演奏的電視畫面，我截取前面精彩的一段給大家看。這是國家交響樂團。我們曾經在這個活動要引進的時候也跟文化局的同仁討論過，可能未來在高雄舉辦這個活動的時候，高雄市交響樂團也可以參加這種盛宴，各位應該都沒有聽過像這個用交響樂團來演奏電音，那非常的精采。影片就到此，謝謝。這個活動2014年在巴西1分鐘賣完18萬張票，2015年在巴西1小時賣完25萬張票，2017年在比利時1小時內賣了36萬張票，因為它是全世界沒有時差、同步的演出，我們期待這次在高雄也可以吸引到很多亞洲地區，對於電音熱好的所有觀光客、所有年輕朋友來台灣認識高雄，也可以增加其他的觀光效益。希望文化局可以在這個活動給予多方面的協助，包含高雄市其他的局處也可以一起來協助這個活動，所有的局處都是為了這個城市，不論是觀光的發展；不論是產業的發展；不論是所有可能讓這個城市更有味道、更有特色，更有人願意來這個城市努力，當然，這個城市的秩序也很重要，需要各方面、各局處一起努力，所以也希望文化局可以給予相關的協助。,['高雄市政府文化局'],0,3,1, , , , ,1,1,91
1471,2020市總,5161,"康議員裕成請看民政局的部分，畫面回到人口的部分，是不是請局長回答。在議會不斷聽到議員講，高雄市人口是負成長，你是不是要說明一下，因為這本書也講高雄市人口負成長，是這樣解讀嗎？請助理將畫面點選到人口負成長的那一頁，你回答一下，高雄市人口到底有沒有負成長呢？這是你提供給我的資料，我們以那年份的12月底，我覺得單獨抽某一月份是不準的，要拿四個月份來比較，其實應該看長期的，我這樣有一點偏頗。他要拿4月份，我總可以拿12月份！他要拿3月份，我總可以拿11月份，雖然不準，但是稍微看一下趨勢，如果這個統計表正確，人口增加是緩慢，但是並沒有減少，你回答一下。主席（蔡副議長昌達）局長，請答覆。民政局曾局長姿雯當然，這是單月份的。我手上的數據，高雄市100年人口是277萬3,433人，102年是277萬8,132人，所以並沒有負成長狀況，而是緩慢成長。康議員裕成如果以勞動人口、勞保的投保人數來講，我們是一個很活絡的城市，並沒有失業率很低的問題，你要回答或請勞工局長回答呢？民政局曾局長姿雯請勞工局長回答。主席（蔡副議長昌達）局長，請答覆。","['高雄市政府民政局', '高雄市政府勞工局']",0,3,4,18, , , ,1,4,167
1810,2020市總,5899,鍾議員盛有：還有一個，請局長坐下。水利署針對美濃地區的整治計畫，是否有定期在美濃溪清疏規劃，尤其是中壇橋上、下游到旗山溪交接處？這一次在6月份以後，在美濃天后宮那裡已經先清疏了，但是上次颱風來襲時，水又漲得很嚴重，而且一天24小時雨量高達600毫米，我們要未雨綢繆，希望地方上永遠不要遭受淹水，這個是水利署河川局管轄的，不過我站在議員的立場，當然要反映地方的心聲，請水利局和他們多做溝通。這條溪不光是那個出口而已，你看甚至溪州等地，這次大家看到很多水災都知道，因為出水口到旗山溪尾端處的沙土都湧上來了，所以你說排水不良時，出水口又不暢通的話，當然會積水，因此造成上述情形，本席建議你這個地段要加強，同時向水利署反映要加強清疏。,['高雄市政府水利局'],0,3,2, , , , ,1,2,143
2722,2020部門,9359,主席（劉議員馨正）：俄鄧議員的質詢裡提到高銀，真的要加油啊！你看那個信用卡發行的數量那麼少，一定會惡性循環，當然金融業務的推動保守，我認為應該要持這樣的立場。保守過程當中如何去創造機會？我覺得非常的重要。本席提過高雄市政府不會倒啊！雖然利息會低，你就向中央銀行拆款，拆款後借給高雄市政府，大膽一點！雖然中央銀行向你要利息，但只要有超過這個利息一點點，你就可以賺啊！對不對？我是覺得高雄銀行真的要放開腳步。剛剛俄鄧議員所提到的原住民的部分，當然我們一定可以去爭取，去原民會那裡，中央那裡有上百億的基金，上百億的基金裡面可以透過立法委員交涉，高雄市的立法委員或原住民立法委員去跟原民會要求。比方說百億元裡面的5億元給高雄市原民會，來做為高雄市的原住民向高雄銀行貸款時的保證，這一部分也可以跟信保基金談，撥這個5億元到信保基金裡面去，這個5億元額度就可以創造50億元的貸款額度。我們要發展高雄的觀光，在茂林、在那瑪夏、在桃源真的發展觀光的話，只要當地的原住民有這個意願，他的做法跟營運計畫真的可行，就大膽一點，就是原住民委員會如果說他的保證的額度，可能7成到8成，可以自己爭取到9成啊！因為原住民在企業經營方面我們要鼓勵嘛！100萬元到時有問題就賠90萬，如果更好的給十成保證也沒關係，配合高雄市政府的政策來推動，放寬腳步，提計畫出來，高雄好好去爭取嘛！有原住民在高雄市都會區裡面要創業，把一些原住民的產品跟文化，他要在高雄市都會區裡面生根，這樣的貸款也可以做啊！這一部分高雄銀行跟高雄市政府的原民會，也可以來搭配好中央的預算，好好的結合來推動，我覺得大膽一點啦！好不好？也不會虧損到高雄銀行啊！謝謝俄鄧議員的質詢。,"['高雄市政府原住民事務委員會', '高雄銀行']",0,3,14, , , , ,1,14,96
2247,2020部門,7259,另外紅毛港遷村案也拖了四十幾年，那時中央在217億8，000萬預算不變的情形下，給市府和需地機關來決定，但是很無奈法定補償的項目訂得太少，為了要二年的時間完成，有將40億繳回交通部，非法定補償的項目，還有很多沒有做。本席在這兩個會期都有跟你拜託，你的科長、你的團隊也很認真，還有紅毛港的遷村案，這個非法定補償項目的，行政院也有解釋過，大法官也有解釋過，監察院也有糾正過，就是說還沒完成的，在經費不變的情形下，由需地機關來用，我們這裡也有做，但是現在地方的看法認為說，除了我們的科長努力，局長努力還不夠，是不是拜託市長跟副市長在行政院院會的時候，跟港務局長、交通部長說這個後面還有預算，我們現在中央有一些立法委員在地方幫我們，這筆預算也還沒有結束，還有40億，非補償項目也有好幾項已經解決了。這有前例在的，包括舢板船、漁船、養蝦場，現在唯一轉業金沒給人家、補助金沒給人家，他們有很多做生意的，都沒有幫他們處理。既然有一個前例在，詳細情形我在總質詢的時候再跟市長拜託。是不是拜託局長，你在我們的市政會議的時候，是不是拜託局長在市政會議的時候跟市長報告，地方希望說只有我們基層在做是不夠的，港務局的局長，現在是港務公司，不太理會地方，是不是市長在行政院院會的時候可以跟行政院長、跟我們的總統報告。經費就還有，監察院跟相關的單位也都認為這是需地機關的權責，非法定補償的項目，由需地機關本於權限，在總經費不變的情況之下，自行斟酌。但是現在瓶頸是，基層很努力，都發局、經發局、地政局都很努力，但是港務局都置於度外，是不是局長你有辦法在市政會議裡面報告，或者是說你有什麼看法，在相關的單位裡面，你有辦法替地方發聲，來解決我們這四十年的陳案，不然以後哪有生意人敢來高雄做，你們說要徵收就徵收，要剷平就剷平…。經濟發展局藍局長健菖：這個部分就像議員說的，我們一定會跟地方民眾站在同一線，來跟港務公司爭取，當然港務公司因為現在民營化，但是港務公司也有其他一些案件需要市府合作的，所以我想未來可以透過這個過程跟他們討論。因為像議員講的，經費在那嘛，它的錢不需要另外增加，只要港務公司願意往這個政策方向進行，就可以把這些補償給地方有資格領取的人，所以這個原則我們會在市政會議跟市長建議，讓市長再就一些事情跟港務公司協調，或是行政院院會的時候都可以提出，我想可以朝這個方向進行。,"['高雄市政府經濟發展局', '高雄市政府地政局', '高雄市政府都市發展局']",0,3,17,14,17, , ,1,17,188
56,2021市總,228,還有這個應該是水利局，局長，現在六龜自來水在新興、新威、新寮這三里，每天像這樣下雨，混濁的水就是他們的飲用水，包括他們在洗澡的水。所以我覺得自來水公司他騙了20年，到現在都沒改善。那裡是水質水量保護區，水源區竟然沒有自來水可以喝，居民一樣有繳水費。這方面請局長跟自來水公司他們協調一下，講了20年到現在都還沒有做，以前是有3座蓄水池，現在改掉了。這可以跟自來水公司講，在那邊建造一個中型的水塔，讓這3個里的里民有自來水可以喝。請水利局局長簡單答復。主席（許議長崑源）：局長說明。水利局李局長戎威：這個部分我們跟自來水公司有取得聯繫，他們正在做一些改善的計畫，預計在今年的6月上旬會做一個集水管跟導水管的工程設備。還有也會做一個試探的水井來增加水源，這部分我們會跟自來水公司再密切的聯繫。朱議員信強：可以協商一下，水利局這邊不懂，可以在新寮那邊，那上面沒有水井。〔好。〕要在新寮那邊才有水源，地下的伏流水是滿乾淨的，就是要做一個加壓站提供這3里使用。水利局李局長戎威：我們跟自來水公司再協商、溝通，謝謝。朱議員信強：好。謝謝議長，感謝市長、各局處首長，謝謝。主席（許議長崑源）：政風處長，我請教你，你上面直屬的單位是哪裡？政風處林處長合勝：報告議長，廉政署。主席（許議長崑源）：這一個案子要好好處理，順便移送廉政署，廉政署絕對要移送，這擺明就是不太想辦。休息20分鐘。（敲槌）,"['高雄市政府政風處', '高雄市政府水利局', '自來水公司']",0,2,2, , , , ,0,2,143
1671,2020市總,5602,"我也在10月27日質詢，這應該是我所有的質詢裡最大膽的一項。我質詢的重點是我認為我們養不起一千公里的自行車道，我們希望暫緩興建的理由有，我們的政策不是那麼明確，施政成效當然也不是那麼好，我們興建與維護的成本也非現階段財政負擔得起的，肇事率也是六都最高。所以要幸福、健康、節能減碳，我們先優化755公里的自行車道設施。我質詢以後，公民團體也跟進，在臉書成立一個「高雄市自行車道踏查」，什麼是「踏查」，就是一邊騎，一邊查。他們用公民的力量，昨天我看到他們最新公布的，在755公里裡面他們已經檢查了292公里，也提出了很多具體適當的建議。這要拜託工務局長，我們大家共同來看，民間都這麼認真，他們現在走完的有63％滿意，37％不滿意，總共只走了39％，還有61％，待民間自行去查看我們的自行車道維護。我們好的有拍出來，你看兩米的自行車道；我們不好的，他們也會提醒。所以工務局長講花費500萬可以換到6,500萬，我要拜託你們如果可以的話去修正一個計畫，花500萬換到的6,500萬先把755公里的自行車道優化。",['高雄市政府工務局'],0,3,0, , , , ,1,0,333
1081,2020市總,4328,我要請教警察局長，我兒子特別交代，說不能質詢警察局，因為常常在拜託你們，尤其是跟我恐嚇的案子，三民二分局從嘉義抓人，蔡慶源議員來跟我說，我無條件撤銷此案，在嘉義恐嚇我，我的車不論到哪裡或是去捻香，都有人恐嚇我，嚇得我現在都不敢出去捻香，我要公開跟警察局、三民二分局及監理所道謝，,['高雄市政府警察局'],0,2,24, , , , ,0,24,101
2804,2020部門,9743,林議員瑩蓉：局長，我想問你下一個議題，你們現在要成立一個行政法人叫做促進區域產業發展中心，這個促進區域產業發展中心，跟你打造的科技走廊未來怎麼結合？經濟發展局曾局長文生：它其實有兩塊，一塊是跟新興產業有關，一塊是跟創新有關。剛才高銀董事長有說人才要找其實不是那麼容易，我覺得人才要找回來，對高雄來講第一個就是要有機制；第二個，要有好的題目，這兩個要做，人才才會回來。我先講機制的部分，這跟行政法人有關，我們現在如果要找一些產業的人才，大部分都跟中央所設立的財團法人有關，〔對。〕就是資策會、工研院這一些，他們是附屬於資策會、工研院，當然專業上他們很OK，可是他會因為計畫人在流動。我們希望行政法人能夠有更多跟產業相關的專業人才能夠留下來，協助做創新的工作，協助做產業一些連結的工作。林議員瑩蓉：所以這個也算留住一些技術人才，繼續做研發。經濟發展局曾局長文生：它其實是高雄產業發展的牛棚，就是儲備選手，你要有這種機制你才有辦法養人。這跟文化局的行政法人，它其實目的很清楚，它有一個展館要營運等等，有更多在文化事業上的創新，這個有一些不一樣，有一點點不一樣，而且我們基本上都不會是公務員直接進去做這個工作，我們就是希望有產業人才進來。框架有兩大塊，一塊是新興產業，例如：會展；另外一個是創新事業，這就是我們剛剛講的新的主題。要在這個平台上做整合，關鍵是最後議員提到的，產業整合是關鍵，整合才有辦法形成系統，才有辦法比較有競爭力，如果都是做片段，你其實還是站在後段接代工被支配。〔…。〕我們3月20日經濟部已經審過，會議的決議是通過了，他公函會發過來，我們已經把這個法案送進議會。我們會在4月初跟法規委員會協調開第一次的公聽會，然後也請法規委員會來審查。,"['高雄市政府經濟發展局', '高雄市政府文化局']",0,3,19, , , , ,1,19,135
433,2020新聞,1514,總統府國策顧問、國內綜藝界大姊大白冰冰昨天專程南下高雄市岡山區，為市議員陸淑美加油打氣，受到陸淑美和服務團隊熱情相迎。白冰冰強調陸淑美有情有義，更有媽祖婆的愛心、善心，是最優秀的好議員，岡山地區的鄉親一定要全力支持連任。海派作風、為人阿莎力的陸淑美，除了在政界是廣結善緣，有豐厚人脈之外，在影藝界也是相交滿天下，有非常多的藝人好友。白冰冰就是和陸淑美相識多年的故交，陸淑美過去每屆打選戰，白冰冰一定沒有缺席，再怎麼忙錄也會撥空親自為陸淑美站台助陣。白冰冰昨天中午來到陸淑美岡山服務處，受到陸淑美和服務處團隊的熱情歡迎，好友相見、並帶來滿滿元氣加油祝福，讓陸淑美備感溫馨。白冰冰親民作風，和服務處團隊閒話家常，也不改幽默談吐，向岡山地區鄉親強力推薦陸淑美。白冰冰說，陸淑美是她認識最有正義感的民意代表，一路走來有情有義，始終如一，對待鄉親更是如同親人般親切，從任職縣議員、到市議員，陸淑美都是秉持專業服務，全心為社里爭取權益和建設，這款好議員，一定要繼續連任。白冰冰也推崇陸淑美從政以來就保持一顆良善的心，她聞聲救苦，常常號召企業界、好友一起做善事，捐贈物資、善款幫助弱勢，就好像是人間媽祖婆，有愛心、有善心。陸淑美除了有白冰冰的情義相挺，她於十一月一日上午十點的競選總部成立大會，也有民視八點檔龍飛鳳舞演員站台助陣。,[],0,3,29, , , , ,1,29,102
236,2020新聞,839,國道一號鼎金南下匝道昨天舉行通車典禮，國民黨籍立委黃昭順因不滿民進黨立委在休會期藉由考察名義，要求交通部舉行通車典禮，昨天率同黨籍基層民代和里長在現場舉「割稻尾、抗議！」、「假考察之名、綁架通車典禮之實」白布條表達不滿。黃昭順指出，國一和國十鼎金系統交流道長年交通壅塞，為解決此一交通亂象，早在蕭萬長擔任行政院長時，國道十路原始規劃為由榮總一路沿中華路一直到前鎮、小港，形成高雄市都會快速道路系統。詎料，在政黨輪替後，高雄市政府將快速道路由翠華路下到平面道路，造成目前鼎金系統交流道的交通黑暗期。歷經前立委侯彩鳳、交通部長蔡堆、毛治國院長都親自用心到場了解關心，尋求解決方法。黃昭順表示，台東縣立委劉櫂豪從未如此關心過高雄市交通重大建設，卻在休會期間還假交通委員會考察之名，進行高雄市重大交通建設會勘。昨天下午四點才通車的路段，卻要求高公局在上午舉辦通車典禮，司馬昭之心人盡皆知。黃昭順說，李昆澤立委在臉書上曾表示，一○二年五月成功爭取增設鼎力路南下出口匝道工程等語，但李昆澤卻沒有發現，該案如果相關單位可以跟上期程，就不會一再延宕，通車至少可以提前一年以上。黃昭順表示，當初提出該案為鼎金系統交流道完整善方案的一環，徹底解決鼎金系統交流道交通壅塞問題，而非頭痛醫頭、腳痛醫腳的貼藥膏的處理方式，接下來她將推動國道十路連接國一北上匝道的工程儘速興建，讓高雄人不用再繼續忍受高架與平面長期塞車之苦。,[],0,2,5, , , , ,0,5,334
799,2020新聞,3349,高雄市長陳菊昨偕同民進黨鳳山區立委許智傑與多位綠營市議員，前往鳳山林家弔唁紅派大老林仙保，陳菊表示林仙保任省議員時期兩人就認識，也認識沈若蘭，所以來致意。陳菊幕僚指出，陳菊與綠營民代弔唁林仙保，純粹是地方人情義理、也是對老前輩的敬重，外界不必多做聯想。地方人士則透露，林仙保辭世後，陳菊先是委請鳳山區長王嘉東前往致意，並表達市府願協助林老治喪事宜，接著送來花籃、還指派副市長劉世芳弔唁，昨日陳菊更親自到場，讓林家親友點滴在心頭。前行政院秘書長林益世父親、原高縣紅派大老林仙保，三月廿三日上午在鳳山住家傳出身體不適，被送往國軍高雄醫院急救仍宣告不治、享壽七十八歲；因林益世涉入地勇案即將判決，林仙保辭世引發外界關切。連日來，親朋好友陸續前往林家弔唁、或致送花圈花籃致意，其中行政院南部服務中心主任楊秋興、國民黨高市黨團總召陸淑美、親民黨主席宋楚瑜均先後到場致哀。林仙保告別式訂四月十三日上午舉行。,[],0,3,31, , , , ,1,31,17
233,2021市總,835,在鐵路地下化之後，我們的廊道建設及規劃，是對三民區的興盛再起有很大的影響。我們都知道在世界各國的大城市當中，車站往往是一個城市很重要的商業聚集、生活圈非常方便的地方，在台北車站周邊的商業效益，可以說是非常的可觀。我們看看高雄市這幾年來，高雄車站周邊因為鐵路地下化，生意非常的冷清，旁邊大樓的出租率也非常低，在高雄車站你看不到一個城市的活力及動力的氣息，也反映出基層的經濟生活非常的艱辛。目前鐵路地下化已經進入到第二個階段了，車站周邊納入施工區，進入交通黑暗期，車站周邊很嚴重的，就是停車非常困難，而且影響居民生活及商圈的發展。而高雄火車是在三民區，鐵路地下化之後，鐵軌拆除以後這個廊道的規劃及建設，不只是影響到三民區，也是銜接高雄市經濟的命脈。因為當初鐵路切割的區域都可以貫通，不會因為鐵路的切割命運不同，我想有幾個層面，我要跟市政府團隊來研究一下，鐵路地下化，對於高雄的未來是有很多的機會來再度的興盛。鐵路地下化，是高雄市殷切盼望的一個城市轉變的過程，但是雖然工程還在進行，我們現在已經隨著中庸街的打通，沿線立體的設施繼續的拆除，金川街到華安街、平等路一直到婦女館西側兩段園道的開放，城市已經開始進行直的改變。整個園道的綠廊，這是我們當初設計鐵軌拆除之後，整個都變成綠廊，預定在明年初就要開始施工，當然很多居民都在問，這個實在是拖了有10年的時間，居民都非常的關心，因為影響高雄的經濟發展及交通的便利性非常大。所以希望到時候這個廊道完成了之後，就可以建構一個全新型態的綠廊，也希望都市生活的空間能夠建構整個全新的，對於高雄的經濟成長及生活空間的發展，會有非常大的幫助。目前火車站的後站，因為施工的關係，停車很不容易，後火車站也有一些服飾的批發，農曆春節前你們就會看到，也是一個採購的旺季，這邊停車也非常不容易。再過來長明街是電子零件街，有非常多的電子零件，包括選購電腦及電子產品的消費，都是需要有一些很大的停車空間，如果市長你們走到那邊去的時候，你就會發現那邊的交通非常壅塞。我想請問交通局長，在鐵路地下化的第一個階段完工，但是10年多的施工期間，也造成附近居民生活很大的衝擊，還有商圈發展的傷害非常大，第二個階段要緊急施工了，施工期間我看起碼要5年的時間，這個台鐵局跟鐵道局也有責任來協助商圈的發展，及提升居民的生活品質。,['高雄市政府交通局'],0,2,5, , , , ,1,5,334
453,2020新聞,1588,另外，鐵路地下化工程積極的施工中，但該地下化路段卻只到鳳山地區而已，往南的後庄與九曲兩個車站，卻沒有一併轉入地下，將來還是保留平面軌道在運行，這對後庄與九曲附近居民顯然不公。因為，平面車道往來行車的噪音大，嚴重影響延線兩旁住戶的安寧，對地方長期發展更是一大障礙，因此希望後庄與九曲也併入地下。市府交通局長陳勁甫局長說，這是中央交通部的權責，他會代為向交通部反映地方民意的心聲。,['高雄市政府交通局'],0,3,5, , , , ,1,5,334
949,2020市總,4063,過來，就是前鎮的渡輪站要如何改進？我們希望交通局能去了解，現在大概有多少人在那裡搭乘，發揮多少功能？如果前鎮渡輪站是未來重要的觀光路線，我覺得這部分應該要優先改進，不能任憑它老舊不堪，如果這部分不是重點，那至少也不能讓它破舊，我覺得這樣對市府的形象也不好，所以我希望觀光局、交通局，針對這部分進行了解，到底渡輪站的周遭還有沒有改善的空間，希望你們一個月之內，把你們對渡輪站未來的規劃，能夠讓市長了解。,"['高雄市政府交通局', '高雄市政府觀光局']",0,3,5, , , , ,1,5,334
998,2020市總,4165,我們看下面一張，公園的相關栽植與硬體的建設，林園1公頃以上的公園預定地共有8座，林園只開闢1座，只開闢漁港公園那一座而已，三年前開闢的，看這悲不悲哀！1公頃以下的有45座，可是1座都沒有開發，你敢說林園公園預定地的地目哪一處是有徵收的？去年沒編預算，今年也沒有編預算，要檢討嗎？林園不夠條件嗎？這個資料是高雄市政府給我的，1公頃以上的有8座，林園的公園地目預定地連一座也沒有，只在中芸漁港開闢1座而已，1公頃以下有45座，可是連1座都沒有開發。這是林園人的悲哀，道路沒有開闢，公園也沒有開發，難怪林園十幾年來人口一直停留在7萬多人，人口不斷流失，這不是林園人的悲哀，不然是什麼？我在林園土生土長，離開二十五年後，想看林園的進步，回到林園，看到的真是感到悲哀。高雄市一直在進步，現在縣市合併了，相關局處的規劃也沒有把這個放進去，這難道不是數字嗎？這不是理由嗎？這不應該徵收開闢1座公園嗎？不應該開闢1座1公頃以下的公園嗎？或是徵收開闢1座1公頃以上的公園嗎？我們看下一張，這是「藥草公園」，這是向海軍陸戰隊爭取的，我們的陳啟昱副市長在他立委任內，花二年的時間向國防部長爭取，一直在質詢才有的，你看這種官員有多可惡！那塊500公尺的土地任它荒廢五年，雜草長得快要2層樓高，我如果每天經過清水巖，從道路經過，就看到那座公園荒廢在那裡，向他要他不給，我說只要給我們維護管理就好了，好不容易在副市長爭取之下，這座公園3公頃，花900多萬元開闢，我上次也說過了，現在變成這個樣子，這像公園嗎？這叫「藥草公園」嗎？為什麼會叫「藥草公園」？就是要讓民眾散步之外，還可以讓學生、讓我們的鄉親去認識藥草，這是一個很好的構思，是我在鄉長任內推動的，推動完之後就縣市合併了，本來希望相關單位能夠撥出一些經費來維護，結果也沒有編人，現在還是清水巖的委員會在認養，有人在關心嗎？區公所有關心嗎？高雄市林園區只有我一個議員，大寮的議員會來關心嗎？副座也是我們選區的，他光是大寮那一區就顧不了了，我跟副座說：「你顧大寮，我來顧林園，我們互相來打拚，對不對？副座。」這是事實啊！主席（蔡副議長昌達）：不必說到選舉的事情，我們要共同打拚。,[],0,3,0, , , , ,0,0,333
2994,2020部門,10489,都市發展局林局長裕益：我先簡要報告剛剛高議員質詢的三點，第一點，彌陀4米寬人行步道，這個要檢討，這個本來是納入變更案，因為後來這也涉及到私有土地，地主有17個，有9個是不同意，超過一半沒有同意，所以在最近一次通檢是維持原計畫。因為這個涉及到回饋負擔的問題，也影響到地主的意願，未來看有沒有機會再等待下一次的通檢，如果地主的意願能夠整合的話。第二點，有關燕巢海成社區和寶頂社區，這個部分是涉及到內政部訂定的高雄新市鎮特定區計畫，目前民眾的意見，我們會轉達內政部來審慎評估，納入在我們下次通盤檢討研議中。?…。?另外，橋頭科學園區，目前這個是中央科技部在推動的一個科學園區計畫，涉及到本局的業務是有關於都審的部分，這個問題我們也非常關心，目前在內政部都委會審議當中，未來在都委會審議當中，我們會積極跟內政部來爭取。以上簡單報告。?…。?主席（曾議員麗燕）：黃局長，請答復。地政局黃局長進雄：我簡扼的報告，…。?…。?我先講科學園區的部分，那個是中央的，我們代工，我們的公益性、必要性在3月29日已經交給營建署了，這是第一點。第二點，第87期重劃區目前總進度是68.32，但是像剛剛提到說需要打基樁的部分已經9成、污水也是9成，纜線跟管線的工程都9成以上。現在最重要的是目前欣欣市場的遷移問題，他要到新的地方一直在延宕，所以我們的工程就被 delay，因為當時是希望他們可以無縫接軌不要影響生計，到那邊的時候我們再進行工程，現在最新的進度是 5月底就會搬過去，接下來我們會進行還未完成的這一段。另外，現在在做的就是介壽路的部分，台電已經在佈設管線、纜線，這個完成以後，到公5的電線桿也要下地以後才能送電，因此整個工程估計要到11月就能全部完工，以上報告。〔…。〕因為克難街要拓寬，現在還沒有完成的大部分都是級配，還有柏油跟電的部分，因為沒有送電，所以這些路燈沒有辦法亮，如果發生事情這部分責任就很難釐清，因此完成後再開放。,"['高雄市都市計畫委員會', '高雄市政府地政局', '高雄市政府都市發展局']",0,3,17, , , , ,1,17,188
1021,2020市總,4208,"再來，我要請教社會局，社會局長是新科上任的。針對現在開始，社會局報中低收入或是殘障的，現在法訂得比較嚴是其次，我請教你，你先坐一下，勞工局長，勞工局的職業工會是有固定的老闆可以領薪水的嗎？請勞工局長一下。主席（蔡副議長昌達）：請局長。勞工局鍾局長孔炤：職業工會是指無一定雇主。鄭議員新助：沒有一定雇主，薪水不固定嘛，底薪多少？底薪？勞工局鍾局長孔炤：1萬7,880元。鄭議員新助：對，謝謝。社會局長，現在你們要報低收入戶，如果那個人加入工會，你就把人家報成在工會有領1萬8,000元，社會局長，你的看法如何？主席（蔡副議長昌達）：局長，請答覆。社會局張局長乃千：我們現在是依他現在投保的薪資做一定的標準。鄭議員新助：錯了，勞工局說他沒有一定的雇主。社會局張局長乃千：是，如果他這個部分就可以提出他的證明…。","['高雄市政府社會局', '高雄市政府勞工局']",0,3,6, , , , ,1,6,95
207,2021市總,762,講到岡山87期，那一天我們有看到雅芬議員也有提到說他們那邊都沒有活動中心，本席也要幫岡山地區沒有活動中心的請命一下。副座也知道，協榮、劉厝、信義這三個里完全沒有活動中心，他們在這裡活動都是借別人的地方。當然87期的土地很值錢，可是到底能不能讓我們來蓋活動中心？我是不知道。我建議在信義里、協榮里、劉厝里剛剛好在87期的中間，我昨天有問過地政局，他說那邊是有土地，但是如果要蓋要花很多錢。民政局，岡山這邊有沒有公有的硬體建物，可以給這三個里使用的，附近有沒有？請局長答復。主席（陸副議長淑美）：請曹局長答復。民政局曹局長桓榮：謝謝議員對岡山這幾個里的關心。針對這個部分，目前的盤點暫時沒有，但是我們現在有規劃新生社旁邊配合87期。因為市長還有李副市長都非常支持岡山整個發展，所以我們正在做多功能的福利中心，包括行政中心的評估，如果可行的話，我們有可能在新生社跟87期的中間有一塊機關用地，我們可以一起整體的規劃，到時候我們就可以把活動中心一起納入做評估。宋議員立彬：謝謝局長。我會說這件事是因為他們都沒有活動中心，市民朋友要辦活動都需要跟別人借地方，非常辛苦。因為沒有里辦公處，常常找不到里長，原高雄縣很多社區完全沒有活動中心，也沒有里辦事處。所以我們要思考一下，既然有一個里，市府就應該有一個里辦事處，可以讓里民隨時可以找到里長，或是辦事、洽公、詢問也好，它也是民政局的一個機制，對不對，你要發布的政策、政令都需要經過里幹事，里幹事沒有辦公處，你想里民要到什麼地方找他。里民的權益是相等的，這三個里也要有同等的待遇，這是一個事實，他們也是高雄市的市民，為什麼別的里有，他們沒有？我們也應該思考一下。我也拜託里長跟社區發展協會的理事長寫一封陳情書給代理市長跟市府團隊，讓政府看到我們的需求，希望市政府可以聽到他們的聲音，看到他們的需求，真正達到里民權益相等、待遇也要相等的，這是非常重要的。葉副市長，我們講了很多，你們回去也要評估，所以我們再來討論，也不要說總質詢完之後就都忘記了。好像我在這邊表演過後，你們就沒有事情了，不能這樣子，如果是這樣就失去了總質詢所代表的意義了。總質詢就是把地方上的問題提出，給所有的局處首長跟副市長參考，我們的需求是什麼？可不可能做？有沒有辦法做？是市政府團隊應該努力的。不要有一個觀念就是總預算不要罵我就可以了，其他的都沒有關係。後續會開完了，聯絡員說議員我們沒有經費。要等到下一個會期。議員，會啦！會啦！你這一件我們已經在處理。這樣都太消極了。當公務人員要有guts，可以就可以，不可以就不可以；有錢就有錢，沒錢就沒錢，不要拖泥帶水，所以拜託一下。,"['高雄市政府民政局', '高雄市政府地政局']",0,2,4, , , , ,0,4,167
1191,2020市總,4568,還有就是我們的市場跟停車場，其實民生必需用品，就是市場每天要用的柴、米、油、盬、醬、醋、茶都在這邊，可是那邊也只有規劃了一塊市場用地，那個市場用地後來我們經過協調，經發局的市管處說你們不會再興建市場了嘛！既然你們不會再興建市場，那塊用地怎麼處理呢？可是市場是大家每天必須用的，所以那邊的市民非常的著急，每天都要跑到哈囉市場很遠，我剛剛講過，那邊其實年紀大的人滿多的，還要坐公車出去，公車路線又不是那麼的完整，所以他們真的很困擾，我希望這個部分，我要跟市長報告，這個市場案子，其實中央已經有幫我們解決了，所以我在這邊要特別跟你們提，我們在年初的時候就一直陸續在做，到年中的時候，在8月初的時候我們已經有跟立法委員黃昭順開過會，那時候已經有請內政部營建署利用城鄉風貌的經費，已經要來規劃這個案子，這個是他們給我們的公文，那時候他們的評估就是說自治新城的市場跟停車場用地的開發，能夠提高我們地方生活品質的，還有便利市民的消費，然後能夠採公共設施多功能目標。所以這個我也要跟市長報告，這個問題我們也已經幫我們市政府解決了，也就是市場的部分，我們內政部已經願意來做了，所以他們這個部分，預估總價值可以提升到九億六千多萬，能夠增加那邊的，當然這是他們的說詞，我們要的只是市場，我也跟市長報告，其實那個市場已經有下文了，目前都在規劃中，也是幫我們經發局解套啦！我知道我們很多議員都以為說沒有市場，所以大家還在爭取，事實上我跟市長報告，已經有了而且在規劃了，目前在規劃設計中，大概快的話要一年多，只是我們擔心的是，這一年多的中間，他們生活中的必須品怎麼辦？所以我這邊曾經要求警察局，是不是請你們也配合一下，那邊如果有一些流動性的攤販，你們就將就一點，讓他們便利一下，因為沒辦法的事情，未來真的有一個很具有規模的BOT案的一個超商會在那邊，這是我們中央挹注的經費，但是我們希望這段時間苦民所苦，因為沒辦法買東西實在很難過的事情，所以希望你們高抬貴手，那個地方就好好的來處理一下，我大概點到為止。剛剛我們講的部分，就是我們的市場用地、我們的停車場，我們的社區就在這個地方，所以這個地方我也在這邊特別提，也很感謝中央還有黃昭順立委幫我們這個忙，也解套了，所以我們希望將來這個案子能夠帶動我們地方有更好的一個消費。,"['高雄市政府警察局', '高雄市政府經濟發展局']",0,3,19,5, , , ,1,19,135
1237,2020市總,4660,剛才蘇議員特別提起鳳山溪曹公圳，這裡我要請蘇議員幫幫忙。有時候不是為了漂亮，不是這樣，你的污水下水，整條溪登革熱的問題等等，如果鳳山溪曹公圳繼續任由它這樣下去，鳳山土地要增值就很困難。要怎麼讓現有在那裡的所有市民朋友，怎麼做更好的溝通，大家創造三贏，市政府很願意，如果不要做，跳過這裡，直接做第四期，這我沒辦法接受，我也沒辦法承諾；要怎麼保障這裡比較困難、比較辛苦的人，怎麼給他們有一個最好的處理，我們針對這個部分很關心，我們會跟蘇議員一起打拚、好好處理。不能讓他就地合法化，那塊土地也是水利會的，現在市政府跟水利會也在溝通，分期，市政府也沒有那麼多經費，我們市政府是希望分期，分5年、6年，愈長愈好，但是水利會的意思是，最好能1年、2年內就給他。這個還在溝通中，但是大方向沒什麼問題。,[],0,3,2, , , , ,1,2,143
1217,2020市總,4621,"11號公園上次民政局曾局長請林園區公所先用地方的回饋金，對於林園11號公園，我知道問題在哪裡，以前遷墓納骨塔那些都是無主的，那裡會做妥善安排，把那個地方做最好的規劃，你說那裡還有私人土地將近5,000萬左右，我們會儘可能。10號公園在對面，10號公園裡面大約1公頃多，1公頃多還有那麼多硬體，所以11號公園就變成比較空曠，整體公園的規劃變成非常重要，所以我們會承諾，11號公園我們會趕快努力，在這個部分來籌措，包括中油我們也願意在這個部分跟它繼續爭取，看能不能中油和市政府各出一半，這個我們會繼續努力，也希望立法委員可以繼續幫忙。","['高雄市林園區公所', '高雄市政府民政局']",0,3,4,4,0, , ,1,4,167
1818,2020市總,5928,接著這張圖片是高屏溪的出海口，這裡是屏東縣的堤防，這邊是高雄市的堤防，這邊是林園工業區，汕尾座落在高屏溪出海口。以前余陳月瑛當縣長時拆除蚵仔架，當時在高屏溪雙園大橋下都是違規蚵架，現在水利局長當時在水利局任職，應該都有印象，這裡蚵仔架拆得清潔溜溜，當時的水流很順暢。那時水流的地方在圖片中的橘線，以前水流的寬度較大；現在的水流是在圖片中的黃線，黃線代表溪水已沖到林園的堤防，所以當初雙園大橋的橋墩會被沖垮、堤防潰堤，因為長期水利署沒有疏濬，屏東原本也有水流，但現在屏東形成一個腹地，因淤積嚴重形成一塊腹地，屏東這邊還能做種植，林園護堤整個都是溪水，中間是高雄市跟屏東縣的分界線，以前的水流大概是兩個縣市的中間，現在已經移位了，這個是非常嚴重的問題。88風災造成雙園大橋斷裂，林園工業區潰堤，如果再沒有做疏濬工程，高屏溪又出溪流又將這裡沖垮，如此石化工業區若爆炸就危險了，請水利局長簡單答復這方面，如何跟中央水利署針對河道來疏濬，這不能放著不管，這裡旁邊只施作消波塊擺設，但之前做的7個消波塊也被沖垮，請局長答復。主席（康議長裕成）：請局長回答。水利局蔡局長長展：整個高屏溪下游端淤積的狀況還有侵蝕的狀況，就如這張航照圖上所顯示的，這幾十年來深糟的部分一直往高雄市沖刷，所以高雄市被沖刷的深度已經造成堤岸大概退縮了100公尺以上，這個部分我們這幾年都持續跟七河局反映，今年11月底有發文給七河局，就是加強高屏溪下游端的整個清淤，不只這個地方，我們整個上游端像六龜、杉林、荖濃溪、旗山溪也有要求七河局加速清淤，而且市政府水利局、區公所都有來協助他們清淤的工作。王議員耀裕：局長，從萬大橋下來這一段大概什麼時候可以清淤？水利局蔡局長長展：這個部分因為我們11月底才發文給七河局，一般他們都在汛期前，也就是明年4月底前會做清淤的動作。王議員耀裕：局長，跟水利署七河局聯絡什麼時候可以清淤，我們也可以到現場來看。,['高雄市政府水利局'],0,3,2, , , , ,1,2,143
2316,2020部門,7522,有關於中正高工操場的問題，中正高工操場的問題，現在我們是由李副市長、教育局，一直和台糖討論中，我們知道軍備局對於市政府提出的方案可以接受，我們透過土地重劃的部分來解決歷史過去到現在沒辦法解決的，希望中正高工每天有幾萬個市民每天都在那裡運動，台糖的土地也是國家的土地，過去都是無償使用，現在台糖成立為一個公司，其實它還是國家經濟部裡面一個台糖公司，所以我們認為台糖公司到目前，我們由李副市長、教育局針對我們提出來的方案還在處理中，我們不會坐視不管，讓台糖說要把那些土地收回，所有市民在那裡運動台糖都不准，沒有這回事，這部分希望站在雙贏互惠，我想這是歷史造成的，我們必須去正視歷史的問題，好好來處理，我們會期待高雄市藉的立法委員，能在這部分站在高雄市民的立場，和經濟部有很好的溝通，希望將這件事圓滿解決來結束。,"['高雄市政府教育局', '高雄市立中正高級工業職業學校']",0,2,16, , , , ,0,16,129
2877,2020部門,10062,自來水公司在九曲堂抽取伏流水，抽起來的水可以生飲，我聽說水質不錯，這是第一項；第二項，澄清湖傳習齋前面有九座運動設施，是本席建議觀光局去做的，現在已經施設了，將來維護各方面的問題，是不是協調一下；第三個問題，就是澄清湖的廁所大致都改善完成，現在只剩下大門入口處，有一條小徑進去那一座廁所，已經很老舊不符合時代了，所以須要改善，還有另外一個就是在傳習齋旁邊，那一個也都沒有做整理。其他的都整理得很好，只剩那兩座沒有改善使整個不搭配，等一下請一起回答。,"['高雄市政府觀光局', '自來水公司']",0,3,0,2, , , ,1,0,333
1224,2020市總,4634,"這是自行車橋，這個我們感謝市長，我們已經快要通了。前鎮河沿岸只有興仁公園有一個廁所，你知道嗎？沿岸有很多年輕朋友，還是市民朋友晚上要去散步的時候，雖然那裡有原住民事務委員會、有無障礙之家，但是他們晚上是關門的，他們要去尿尿，他們也不知道要到哪裡去，所以他們一再要求我，是不是可以再增設一座廁所？這是可行的，因為讓兄弟姐妹走太遠，有時候年輕朋友牽手要來約會都沒有辦法。這是原民會，這裡是自行車天橋、前鎮河。本席已經當了十年的議員，每一次質詢我在這裡都講很多有關前鎮河的事情，這是原住民的廣場、舞台，本來宛蓉想說這個舞台可以像有很多的舞台有野台戲，有愛音樂的民眾可以來這裡表演，後來也謝謝他用原住民的圖騰，我也支持，我也高興。興仁橋已經通車了，明鳳橋也通車了，前鎮河沿岸在98年7月發包，花了3,500萬做改善，整個沿岸景觀、照明都非常的好，包括也有做一些抽水站的改善，沿岸都非常的漂亮，以前叫做鳳山橋，現在叫做明鳳橋，也謝謝市長你的大力協助，都已經完成了，每年也都有經費的挹注，但是整個前鎮河那麼漂亮，讓我們整個自行車橋，以後從愛河沿岸到成功路的自行車道也增設了非常多公里，如果大家一直走，走到我們的前鎮新地標就是凱旋、中山自行車橋的時候，又讓他們走到我們的前鎮河，那裡剛好是在原民會的前面，也剛好是在無障礙之家的前面，那邊如果還有一個地方設置廁所的話，我覺得更是美不勝收。",['無障礙之家'],0,2,0, , , , ,0,0,333
2423,2020部門,8029,接著是有關殯葬業的問題，每次參加殯葬活動，公祭、告別式的時候，心情就已經很沉重，尤其是喪家，在火化場，你們一直說要改善殯葬設施及火葬場的爐具，我覺得有改善但是沒有治本，只有治標沒有治本，有時候不知道是當機還是怎樣，忽然間整個烏煙瘴氣的。局長，你有參加過，你知道在那邊辦喪事的家屬已經夠可憐，心情已經夠沉重了，你對改善殯葬設施的品質，應該要確實的落實，不要只是一直在改善，到現在還是沒有辦法完全治本，局長，你知道本席的意思嗎？請你表達你的看法。主席（陳議員麗珍）：局長，請答覆。民政局曾局長姿雯：火化爐的換新工程，原來有18座，目前已經更新了12座，還有6座沒有更新。但是議員也知道，吉日是大家的，好日子數量就會增加，目前已經大幅度去做改善，我們會再加快腳步，把還沒有更新完成的，全部完成。周議員鍾?：如果你沒有一次更新完成，我們會讓人家覺得沒有辦法完成，你只做了一半嘛！對不對？民政局曾局長姿雯：還有6座，有的還要排期程，因為有的還要運作。周議員鍾?：但是計畫做得好一些，好不好？行百里者半於九十，差個半尺、1尺的，會讓人家覺得很可惜，最後真的前功盡棄，我覺得給人家的感受不太好。民政局曾局長姿雯：一定會越來越好。周議員鍾?：如果差6座，最好在明年度之內…。民政局曾局長姿雯：明年度會再更新3座。周議員鍾?：就3座！你的意思還要兩、三年就是了。可以的話，就儘速，一次就把它結束，這是本席的看法。〔好。〕,['高雄市政府民政局'],0,3,4, , , , ,1,4,167
163,2020新聞,591,「做自己身體的主人。」高雄市政府教育局反校園性騷擾、性侵害，在全國首創「身體界線」（bodyboundary）隨身貼紙，局長范巽綠昨天與學生宣示反校園性騷與性侵，也在男女學生書包貼上警示隨身貼紙，表示每個人身體有著不可「觸碰」的界線，面對任何人故意逾越、侵犯「身體界限」的行為，都要大聲與勇敢的「說不」。為強化校園師生向性侵害、性騷擾行為「SayNo」，同時讓學生瞭解「身體界線」與自主權，教育局特別製作十二萬份攜帶式的「身體界線」（bodyboundary）貼紙，於昨天發送給各級學校學生、教師與運動教練，同時提供申訴專線電話○七－七四○六六一○，即時協助需要幫助的師生。高雄市教育局於昨天，在高市府性別平等教育委員會召開前，由局長范巽綠與林石猛、黃志中、卓紋君、楊稚慧等委員，以及中正高工等校學生、運動員等，共同宣示反校園性騷與性侵，希望藉著推出「身體界線」的隨身貼紙、海報與申訴專線電話，在校園建置性別平等安全防護網，藉此傳達教育局與教師、學生們，攜手捍衛性別平等權決心，以加強防制校園性騷性侵事件的發生。中正高工學生昨天演出精彩的「身體界線」行動劇，透過教練指導女學生游泳時，來表示不可逾越觸碰身體泳裝的部分，希望讓師生瞭解在教學過程中，身體某些部分是不可以觸碰的界線，以而落實性別平等教育。范巽綠說，教育局要求各級學校辦理教師與體育師、教練資甄選時，須嚴格審查應試人員，是否有刑事犯罪紀錄，或違反教師法等相關規定，藉此杜絕品德言行不良施教者進入校園；教育局未來將推動「身體界線」教育，納入學生相關課程領域，督促學校落實教師性別平等教育研習，讓師生之間能在安全、正向與快樂的校園，共同成長與學習。,"['高雄市政府教育局', '高雄市立中正高級工業職業學校']",0,2,16, , , , ,0,16,129
1049,2020市總,4260,"這是前鎮污水處理廠，這也是很嚴重哦！本席在市議會講N次了，但是海洋局局長在很短的時間內，也沒有去做一些規劃及安排，但是在本席非常生氣的時候，我在這裡很強硬的質詢之後，還是要謝謝你。雖然那個時候沒有及時去做處理，但是有做總比沒做好，本席還是要謝謝你。那天，海洋局就找了相關的學者專家來探勘，也找建築師，漁會、中山大學工程所的教授，還有漁業署退休的技工，他們非常的專業。我們有到現場去會勘，我要跟市長報告，我們去會勘結果，事後我們有開會、有研議，本席認為他們本來要用修繕的方式，但是本席在會勘時強烈的反對，如果用整修的方式，可能要花1,500萬，中山大學周明顯教授在開會時有表示，若用修繕的方式，污水處理廠的臭味成效無法再適用103年的新法規，建築物也嚴重受損，如果有五級地震來的時候，整個污水處理廠會垮掉啊！垮掉時，我們整個漁港的人及前鎮那一帶的人，真的沒有辦法生存及生活，如果用新科技的污水處理方式，可以在污水放流時，就像礦泉水一樣的清澈，新的污水處理廠，以環保局的概念，納入公園模式，還具有環保教育意義，這是教授所講的話。漁業署的技工也表示：如果用興建的方式，必須花費三、四千萬，污水處理廠的耐震度不足，已經有四十年的老舊儀器，在美國原廠也沒有零件可以更換，所以，我也謝謝海洋局的團隊，在本席要質詢之前，他也跟漁業署講，漁業署可能會關心這個問題，因為那天漁業署的人來，我用非常強硬的言論去要求，一定要更新，他們有聽到了。本席希望我們的財主單位趕快來支持這個項目，我們的市長是非常的有魄力、明快，我在這裡如果說我很喜歡市長，人家會說我很肉麻，我真的打從心裡想，我真的佩服市長的施政，他真的對整個大高雄均衡發展、南北共榮。興仁路的興仁橋開通，已經通車了，這裡長期以來是一片荒涼，但是現在變成一個生態教學園區，教育局局長，這個工程延宕太久了，民眾做這樣的要求，你們沒有很立即去做處理，所以整個工程可能就會延宕，那天本席要求你，必須要來走一趟，道路一定要筆直，如果這樣子，可能車禍連連不斷，因為時間的關係，我沒有辦法很詳細的告訴你，這都是那天你去會勘的情況。","['高雄市政府教育局', '高雄市政府環境保護局', '高雄市政府海洋局']",0,2,23,0, , , ,0,12,48
2951,2020部門,10294,大社的部分，這個議題剛剛議員也特別提到，大社工業區真的是25年前經濟部的承諾，市府是站在履行經濟部承諾的方式，尤其大社跟仁武工業區基本上是經濟部主管的工業區。我覺得他裡面的問題是因為這個工業區早期石化業造成周遭居民的反彈，這25年來基本上他就可以用一些環保或者是設備的改善，來減輕他污染的量。到目前為止他們既有的設備還是可以繼續使用，只是不能新設其他的設備或是新設其他的廠房，我們目前確實沒有甲種工業區的規劃，到目前我們產業區的規劃沒有這一項。大林蒲要116年才可以，所以我們這一塊會再跟經濟部石化產業推動辦公室來做進一步的討論，如何來協助這些既有的廠商？上午跟議員報告的時候也特別提到，這一次工總來，台塑帶來一些石化業的投資，他們已經提議要投資研發中心，要慢慢把自己的園區裡面改做一些比較低度污染，或者偏研發高附加價值的方向來做進行。所以他們也在思考自己園區內部，怎麼樣來做一些轉型的動作？目前大社工業區的進展是這樣。,[],0,3,19,19, , , ,1,19,135
559,2021市總,1966,我先從路網開始講，其實除了捷運紅線、現在在爭取的黃線，還有正在興建的輕軌之外，其實有一條，我們一直在講，我們都忽略它了，就是台鐵地下化之後的台鐵區間車。你知道嗎？台北鐵路地下化之後，從台北市到新北市，我舉一個例子，從台北到板橋的區間車，每5分鐘1班，它不只靠捷運的板南線，它從台北到板橋，5分鐘1班區間車。我來講高雄好了，高雄鐵路地下化之後，從左營的舊城，就是現在新莊一路打通的地方，到美術館，我們沿著園道到美術館，市長，30分鐘才有1班區間車。從左營的舊城要到左營的高鐵站，也是多久？也是30分鐘才有1班車。也就是說，你從美術館、從內惟站，甚至從高雄車站前面的三塊厝，你們要到高鐵站，如果不是到高雄車站，如果要從內惟站、從美術館站，你要去搭乘高鐵，對不起，你要30分鐘才有1班車，我覺得這不合理啦！台北市除了它1年1條捷運，除了板南線、每一條線之外，從台北到板橋，它5分鐘1班區間車，但是高雄從美術館站到左營車站、左營高鐵站，它卻是30分鐘1班車。這做得到嗎？其實我在市長施政報告的時候就有跟市長建議，要拜訪交通部長、要拜訪台鐵局長，要把高雄鐵路地下化之後的交通運輸變成一條捷運。它做得到嗎？其實一定做得到，台北做得到，高雄一定可以爭取，有機會爭取得到。所以我們在這邊，希望市長可以把我們的方案提出來，當然，這需要捷運局、交通局還有林副市長提出專業的方案，讓市長去跟行政院、交通部、台鐵局來爭取台鐵加密的區間車。市長，對於這個，你有辦法向市民說明嗎？你可以提出一個方案，去向中央爭取嗎？市長，請答復。主席（曾議長麗燕）：市長，請答復。陳市長其邁：的確，像在大台北地區，台鐵捷運化也促成，像你從南港或者是其他地方要到車站附近，其實搭台鐵的速度可以說是最快的。我們在美術館站跟鼓山站兩站，在台鐵跟輕軌的站體都是非常靠近的，所以對於通往旗鼓鹽地區，假如能夠在那裡轉乘是非常方便的。第二個，它也能夠快速聯結原來的鳳山車站，現在新的鳳山車站已經加速在興建，它包括了購物等等這些多功能，加上鳳山地區的開發。所以未來鐵路地下化之後相關的都市發展，往捷運化是非常重要的，而且也是非常具有創意的解決方案，我們會全力按照議員的指示跟中央來好好的協調，就是有關增加班次或者是在整個時間的一些規劃能夠更便捷、更便民。李議員柏毅：謝謝，感謝市長。部長、局長應該騙不過副院長，所以我們帶好的方案去跟中央要，我相信一定要得到。,"['高雄市政府捷運工程局', '高雄市立美術館', '高雄市政府交通局']",0,2,5,5, , , ,0,5,334
2288,2020部門,7404,就是自行車道的部分。其實議員你也知道，我們在去年，包括茄萣漁村風情的自行車道已完成了，今年我們會從二仁溪往湖內的方向會再做個自行車道。你關心的就是原來鄉鎮時代，所設的自行車道，比如說原來的部分，彌陀有海堤自行車道。其實我們都有規劃到大高雄合併以後，我們做了一個叫做大高雄自行車道整體規劃，都已經規劃好了。蘇議員琦莉：我要講的是，比如說沒辦法剛好跟你們未來計畫連接上，可是它已經設置了，它就是一段的。你們要怎麼來做？工務局楊局長明：第一個，我們會把它串聯起來。第二個，原有的還是會繼續維護。包括你剛才講的，彌陀的海堤自行車道、大寮的水圳自行車道、美濃的七彩自行車道，這些都是原來的，但是我們將它串聯起來，並且加以維護。這些都在我們的維護範圍，我們可以把大高雄整體自行車道的路網規劃，可以送一份給蘇議員。蘇議員琦莉：如果市民朋友發現在這樣的問題，我們就直接通報養工系統，繼續來維修？?可以?好，工務局長剩下幾分鐘的時間，我講一個……，說實在，縣市合併後，我們是個比較特別的系統。,['高雄市政府工務局'],0,3,0, , , , ,1,0,333
1207,2020市總,4602,我針對洪議員提議的容積移轉來請教都發局長。我們依照中央法規來行使，由都委會同意，如果都委會同意之後就可以執行。為什麼有的部分沒有辦法執行？這個問題，我說中央法規的規範可以到30％，你為什麼在地方不讓他到30％？都市發展局盧局長維屏：中央有…。陳議員明澤：永久性開發空間能夠到40％，你為什麼不要讓他到40％？這能夠刺激投資，所以我認為我們過去都說重北輕南，不是真的，一些局處的法令，我們南部可以用的，結果我們都是壓著的，專家學者都找一些理由來反對，阻擋我們城市發展，我們本來是排第二名，現在桃園變成第六都了，我們真的還要坐五望六嗎？越來越往後面看嗎？所以我是覺得我們南方的價值要創造起來，創造出比較多的投資環境，這樣比較好。昨天剛好遇到我們前主席蔡英文，他對於整體的看法也是說台灣的環境要創造，當然這是個人的看法，像我對經濟也有瞭解，他對證所稅的問題，他的看法也是說在這個時機點來徵證所稅是不對的，這是事實，所以說什麼時間點要讓我們的投資環境刺激多一點、環境帶動多一點，我相信我們應該要做出來。每次都在說，你說沒問題，結果都出問題，問題出在誰身上？都委會。都委會委員的問題，他們的學者專家坐一排，大家坐下來討論事情，這邊說他的理論，那邊說他的理論，如果要做成共識了，換那邊兩個人有意見，什麼意見？因為他如果沒說不一樣的意見，別人不知道他是教授，別人不知道他是學者專家，最難過的事情是做主席的人沒有辦法做一個結論，你說你的意見，我也知道，大家的意見一直沒有結論的時候怎麼辦？就是主席要敢裁決、要敢統合，我們是一個都委會的意見，不是一個人的意見可以推翻全部，要以大多數的意見為重，才是叫做共識。我針對都發局這兩年的發展，我相信有很多要檢討的，過去都委會的主席是由當市的市長擔任，可能我們的市政比較多，所以交給劉副市長來處理，副市長在處理，他沒有貼近民意，也不曾選舉過，不懂得民意是什麼，市長答應了，結果都發局研擬照辦，送上去變成都委會反對、推翻，這樣怎麼做事情？你不知道面對選民、面對整體結果，大家要將心比心，不要一個都委會外面聘來的比市長還大，市長答應的，結果都委會裡面一位委員反映後做一個結論出來，我剛才講過了，我看剩下3分鐘提早休息，這如果再講下去不能連貫，我的心情會受到挫折，建議主席先讓我們休息。,"['高雄市都市計畫委員會', '高雄市政府都市發展局']",0,3,17, , , , ,1,17,188
1379,2020市總,4972,李議員雅靜再來請教交通局，展覽館啟用以來舉辦了三個會展，這期間一共開了多少罰單？請局長回答。交通局陳局長勁甫這三場因為是初期，我們在做整個交通疏導計畫，所以初期是以勸導，當然事先要做宣導，我所了解是以勸導為主。李議員雅靜勸導為主。〔對。〕確定沒有罰單？交通局陳局長勁甫罰單的部分，我必須要再確認。李議員雅靜可是真的是你們逼參觀的市民朋友違規的，不然他們要停哪裡？交通局陳局長勁甫這個可以讓我說明一下嗎？一個大型的活動在發展進步的城市，參加大型活動必須考慮是不是一定都要開車才是唯一的方法。李議員雅靜不用啊！但接駁車夠便利嗎？總共才給兩個點，一個點在三多商圈、一個點在夢時代，其他來的市民不是人嗎？從美濃、旗山來的市民要怎麼辦呢？我問你，三多商圈有停車位嗎？民眾從別縣市開車來或騎機車來要先停放哪裡？我知道那裡不好停車，車子先停放三多商圈再坐接駁車進去，接駁車的附近有沒有配套措施？並沒有啊！你不講我還不想點出來。交通局陳局長勁甫我們有。李議員雅靜三多商圈哪邊有停車位？那裡更不好停車。交通局陳局長勁甫在這個活動之前，我們就有開過記者會還有資訊的發布，過去這幾年已經發展那麼多的大型活動，捷運車站就有七大的停車場，讓外來的民眾可以在這個捷運站方便停車，搭捷運來到三多就坐接駁車。接駁車的規劃議員如果有一起去看，大家的評價都還不錯，我們還要再改進。李議員雅靜光是停車問題就有民怨，原本這個展覽辦得很好，不可否認是辦得很好、很成功，可是停車就是一個問題，市民朋友下次就不來了。交通局陳局長勁甫這個跟事實不是一致。李議員雅靜要邀請這些人是很費功夫的，你不是主辦單位，所以你不知道。交通局陳局長勁甫我們隨時會和主辦單位來檢討。,['高雄市政府交通局'],0,3,5,5, , , ,1,5,334
1763,2020市總,5820,再來，最近鄉親到議會陳情，對於變更地目，包括林地與遊憩用地等等，我希望原民會和地政局，我會找時間在我的服務處，你們就到桃源我的服務處，想變更地目的鄉親，要帶什麼表格、要帶什麼申請書，請你們當場說明、當場處理。說明行政程序該準備什麼資料，這一題不用答復，我再排時間。包括聯絡道路的橋梁，我提到日月橋、安定橋的部分，原民會一定要繼續再向中央原民會努力申請。,['高雄市政府地政局'],0,3,17,0, , , ,1,17,188
1007,2020市總,4181,陳市長菊：關於本洲工業區這個問題，這陳情書我看過了。我也在與民有約的過程中，我想不一定是路竹，有幾個農民代表也曾經找過我。今天，高雄的發展到底產業的發展，生態環保的問題，這部分怎麼兼顧？這方面，我想我面臨了一個很大的挑戰。但是我覺得，本洲工業區的四周，包括路竹科學園區，到底這些農地適不適合再作為農民們賴以生存的種植的工作？還是說，我們認為這個部分，剛剛蘇議員也提到，有好幾個可能…。蘇議員琦莉：市長，就算不種植，民眾還是要居住在那邊。陳市長菊：對。所以我會覺得，目前他們居住的品質，以及各方面都很差。對於這部分，我覺得站在市政府的立場，第一、我們要照顧大多數的市民，尊重他們的意願。我想，今天如果任何一個本洲工業區有可能擴編，當然，都必須召開公聽會，必須跟民眾有非常好的溝通，我們要傾聽民意，聽大家的意見。這樣才有可能做最後政策的決定。我想，藍局長他一直是朝這方向去做。所以我們會跟蘇議員保證，我們會尊重民意、傾聽民意。也希望藍局長在跟民眾溝通的過程中，把所有的事情可以清楚的反映。但是，如果有居民想住在這裡，有些人因為這裡的土地有污染而不想住這邊。我們為了產業的發展，是不是要有所改變？這些都可以透過公聽會，我來聽大家的意見再做最後的決定。謝謝。蘇議員琦莉：市長，要擴編的那些土地目前是沒有污染的問題，民眾也需要長期居住在那裡。我希望市長能妥善處理這擴編的事情，我們的里民是強烈反對的。我希望市長妥善處理、傾聽民意，不要鬧到電視上。苗栗竹南大埔事件，我想這事鬧得這麼大，大家都有看到。我不希望我們高雄市政府鬧到電視上，表示我們這些民意代表，在這個議事廳上反映不力，也表示我們市政府要去丟臉。市長，我希望這個要妥善處理。,[],0,2,19,17, , , ,0,19,135
69,2021市總,278,市長，你是新任的市政團隊，要跟以前不一樣，為什麼你的團隊是這樣處置呢？這樣讓我們很痛心，就像捷運到行駛到林園一樣，我再說一次，如果你現在到林園，再說捷運要行駛到林園，你會被林園人吐槽、說不好聽的話。我苦勸你，你絕對不要再說捷運要行駛到林園了，你只要實質去落實就好，不要再說捷運要行駛到林園。我們的蔡總統也一樣，如果再到林園喊這個口號，絕對沒有人會支持他，林園人很心痛、也很心灰意冷，已經喊了好幾年，每次選舉就到林園騙選票，騙完就沒了。所以剛才市長正面答復，要在6月中編列800萬，就是要讓林園鄉親看，這也是替你的總統之路在鋪路，怎麼會沒有，也是有啊！不要說沒有，對不對？這也是政治的因素。為什麼向北一直延伸？40％的市府自籌款也是編列出來，為什麼不是25％？為什麼中央不是80％呢？40％的自籌款也編列下去，向北延伸從RK1到RK8，我們樂見啊！我們高興向北延伸，甚至一直延伸到湖內啊！我們不是吃醋，但是當時的林園R3一直停在那裡，R3從縣市合併2006年完工到現在，捷運從2010年R3到R24這一段一直停滯在那裏。人家的RK1到RK8，我們從R3銜接到這裡只有幾站而已，一共12.2公里，跟向北延伸是一樣的公里數，經費也差不多，結果連一點進展都沒有，不要說做一半了，連可行性的研究報告都沒有，綜合規劃書也沒有。市長，你剛才已經答復了，我不要再重複，我只是要透過剛才的質詢，讓林園的鄉親聽到，市長說在6月中要動用第二預備金來編列800萬送行政院核定，感謝市長。,[],0,1,5, , , , ,0,5,334
1413,2020市總,5040,另外，到底大林蒲地區是不是要遷村，我覺得這個部分到現在我們一直向中央表示，很可惜！中央他們要整合到底需地機關──中油、台電、港務公司…，我想最近我們希望這個部分，我們會再一次向中央…，我們認為這個部分他們一定要正視這個問題，這邊先這樣向曾議員報告。,[],0,3,17, , , , ,1,17,188
2932,2020部門,10238,最後3分鐘，有些問題要和研考會討論一下，第一個，之前我們有看到市長搭直昇機和一些局處長去看愛情摩天輪興建的場域，其實回來之後，就被另外一個焦點轉移掉，因為市長看到高雄的空污實在是太嚴重，所以我們的愛情摩天輪的興建場域，到底屬意在哪裡？,['高雄市政府研究發展考核委員會'],0,3,26, , , , ,1,26,127
2515,2020部門,8404,接下來，再回頭來問我們警察局。之前南成派出所，也是前一屆我在當市議員的時候極力去爭取的。因為那裡是一個新興的區域，所以也已經有一個南成派出所，但是那個是租的。後來前任的鳳山分局長也極力的去找地點，希望能蓋一個屬於南成派出所永久的所在地，聽說選址已經完成了，現在就是進行一些相關後續的流程和時程。可以不可以請我們局長，讓我們南成派出所周圍附近的里民朋友能夠了解，什麼時候可以讓南成派出所可以遷到新家，讓大家到派出所報案或辦事的時候，有一個更寬敝、更舒適的空間，不知道局長是否了解這個區塊？如果你了解，是不是請你來說明，讓我們的里民朋友更了解。主席（林議員武忠）：陳局長，請答覆。警察局陳局長家欽：謝謝陳議員關心我們員警駐地和廳舍的問題。現在我們南成所已經有土地了，就是在紅毛港路還有國慶九街那個路口已經選定了，明年開始有那個規劃費，我們會請建築師來幫我們規劃和設計，這一部分我們已經著手在進行了。將來要蓋成什麼樣的派出所，我們會跟建築師還有基層的同仁，大家一起討論，建一個美輪美奐又適合我們辦公室和工作的場所。主席（林議員武忠）：延長1分鐘。陳議員慧文：謝謝局長的答覆，我在這裡要替我們鳳山派出所請命。我有調一個資料是有關警民的比例，就是一個員警要服務多少人口數。如果看各個派出所的數字，其實它的差別是很大的。以新興區域包括文山、五甲和南成，都是一比一千二百多或一千四百多，這樣的比例真的是非常高。以後我們有新調的員警，是不是能夠先優先，讓這幾個比例比較懸殊的派出所，能夠優先有員警來服務，這樣就可以減輕現在員警的負荷，在這裡是不是也請局長承諾一下？警察局陳局長家欽：這部分我們都有在考慮，都會做通盤的考量。,"['高雄市政府警察局', '高雄市政府警察局鳳山分局']",0,3,24, , , , ,1,24,101
